mp_name,gender, constit,rating,rating_democracy_total,mp_img
"Stephen Kinnock MP","0","Aberavon","103.061","-20","https://assets3.parliament.uk/ext/mnis-bio-person/www.dodspeople.com/photos/110294.jpg.jpg"
"Guto Bebb MP","0","Aberconwy","57.3297","-7","https://assets3.parliament.uk/ext/mnis-bio-person/www.dodspeople.com/photos/35317.jpg.jpg"
"Kirsty Blackman MP","1","Aberdeen North","35.0383","-19","https://assets3.parliament.uk/ext/mnis-bio-person/www.dodspeople.com/photos/121772.jpg.jpg"
"Ross Thomson MP","0","Aberdeen South","183.039","32","https://assets3.parliament.uk/ext/mnis-bio-person/www.dodspeople.com/photos/58096.jpg.jpg"
"Andrew Bowie MP","0","West Aberdeenshire and Kincardine","196.435","23","https://assets3.parliament.uk/ext/mnis-bio-person/www.dodspeople.com/photos/148003.jpg.jpg"
"Neil Gray MP","0","Airdrie and Shotts","72.0206","-19","https://assets3.parliament.uk/ext/mnis-bio-person/www.dodspeople.com/photos/137602.jpg.jpg"
"Leo Docherty MP","0","Aldershot","-94.6825","20","https://assets3.parliament.uk/ext/mnis-bio-person/www.dodspeople.com/photos/128471.jpg.jpg"
"Wendy Morton MP","1","Aldridge-Brownhills","-43.485","18","https://assets3.parliament.uk/ext/mnis-bio-person/www.dodspeople.com/photos/41314.jpg.jpg"
"Sir Graham Brady MP","0","Altrincham and Sale West","71.7651","28","https://assets3.parliament.uk/ext/mnis-bio-person/www.dodspeople.com/photos/25725.jpg.jpg"
"Rt Hon Mark Tami MP","0","Alyn and Deeside","-84.5552","-19","https://assets3.parliament.uk/ext/mnis-bio-person/www.dodspeople.com/photos/25263.jpg.jpg"
"Nigel Mills MP","0","Amber Valley","-87.1095","32","https://assets3.parliament.uk/ext/mnis-bio-person/www.dodspeople.com/photos/62731.jpg.jpg"
"Kirstene Hair MP","1","Angus","233.626","24","https://assets3.parliament.uk/ext/mnis-bio-person/www.dodspeople.com/photos/147916.jpg.jpg"
"Rt Hon Sammy Wilson MP","0","East Antrim","-33.1323","30","https://assets3.parliament.uk/ext/mnis-bio-person/www.dodspeople.com/photos/33564.jpg.jpg"
"Ian Paisley MP","0","North Antrim","-56.0414","30","https://assets3.parliament.uk/ext/mnis-bio-person/www.dodspeople.com/photos/33629.jpg.jpg"
"Paul Girvan MP","0","South Antrim","-87.8776","30","https://assets3.parliament.uk/ext/mnis-bio-person/www.dodspeople.com/photos/33554.jpg.jpg"
"Hywel Williams MP","0","Arfon","-251.946","-21","https://assets3.parliament.uk/ext/mnis-bio-person/www.dodspeople.com/photos/25221.jpg.jpg"
"Brendan O'Hara MP","0","Argyll and Bute","28.9388","-19","https://assets3.parliament.uk/ext/mnis-bio-person/www.dodspeople.com/photos/138158.jpg.jpg"
"Rt Hon Nick Herbert MP","0","Arundel and South Downs","20.6871","17","https://assets3.parliament.uk/ext/mnis-bio-person/www.dodspeople.com/photos/40839.jpg.jpg"
"Gloria De Piero MP","1","Ashfield","246.719","-16","https://assets3.parliament.uk/ext/mnis-bio-person/www.dodspeople.com/photos/85008.jpg.jpg"
"Rt Hon Damian Green MP","0","Ashford","-84.6312","12","https://assets3.parliament.uk/ext/mnis-bio-person/www.dodspeople.com/photos/25546.jpg.jpg"
"Angela Rayner MP","1","Ashton-under-Lyne","321.608","-20","https://assets3.parliament.uk/ext/mnis-bio-person/www.dodspeople.com/photos/134574.jpg.jpg"
"Rt Hon David Lidington MP","0","Aylesbury","-25.4204","16","https://assets3.parliament.uk/ext/mnis-bio-person/www.dodspeople.com/photos/25473.jpg.jpg"
"Bill Grant MP","0","Ayr, Carrick and Cumnock","-65.2065","24","https://assets3.parliament.uk/ext/mnis-bio-person/www.dodspeople.com/photos/131984.jpg.jpg"
"Dr Philippa Whitford MP","1","Central Ayrshire","-32.594","-19","https://assets3.parliament.uk/ext/mnis-bio-person/www.dodspeople.com/photos/137582.jpg.jpg"
"Patricia Gibson MP","1","North Ayrshire and Arran","-17.1461","-19","https://assets3.parliament.uk/ext/mnis-bio-person/www.dodspeople.com/photos/80615.jpg.jpg"
"Victoria Prentis MP","1","Banbury","32.9479","18","https://assets3.parliament.uk/ext/mnis-bio-person/www.dodspeople.com/photos/136496.jpg.jpg"
"David Duguid MP","0","Banff and Buchan","48.9586","19","https://assets3.parliament.uk/ext/mnis-bio-person/www.dodspeople.com/photos/147922.jpg.jpg"
"Rt Hon Dame Margaret Hodge MP","1","Barking","125.237","-22","https://assets3.parliament.uk/ext/mnis-bio-person/www.dodspeople.com/photos/25573.jpg.jpg"
"Dan Jarvis MP","0","Barnsley Central","59.9798","-16","https://assets3.parliament.uk/ext/mnis-bio-person/www.dodspeople.com/photos/91415.jpg.jpg"
"Stephanie Peacock MP","1","Barnsley East","297.121","-15","https://assets3.parliament.uk/ext/mnis-bio-person/www.dodspeople.com/photos/76839.jpg.jpg"
"John Woodcock MP","0","Barrow and Furness","-138.396","-18","https://assets3.parliament.uk/ext/mnis-bio-person/www.dodspeople.com/photos/32028.jpg.jpg"
"Mr John Baron MP","0","Basildon and Billericay","-268.277","33","https://assets3.parliament.uk/ext/mnis-bio-person/www.dodspeople.com/photos/25729.jpg.jpg"
"Stephen Metcalfe MP","0","South Basildon and East Thurrock","-100.498","29","https://assets3.parliament.uk/ext/mnis-bio-person/www.dodspeople.com/photos/35374.jpg.jpg"
"Rt Hon Maria Miller MP","1","Basingstoke","127.967","22","https://assets3.parliament.uk/ext/mnis-bio-person/www.dodspeople.com/photos/31595.jpg.jpg"
"John Mann MP","0","Bassetlaw","-77.7245","10","https://assets3.parliament.uk/ext/mnis-bio-person/www.dodspeople.com/photos/25485.jpg.jpg"
"Wera Hobhouse MP","1","Bath","195.613","-16","https://assets3.parliament.uk/ext/mnis-bio-person/www.dodspeople.com/photos/62700.jpg.jpg"
"Tracy Brabin MP","1","Batley and Spen","210.807","-17","https://assets3.parliament.uk/ext/mnis-bio-person/www.dodspeople.com/photos/145234.jpg.jpg"
"Marsha De Cordova MP","1","Battersea","-150.881","-20","https://assets3.parliament.uk/ext/mnis-bio-person/www.dodspeople.com/photos/118780.jpg.jpg"
"Rt Hon Dominic Grieve QC MP","0","Beaconsfield","-118.672","-7","https://assets3.parliament.uk/ext/mnis-bio-person/www.dodspeople.com/photos/25630.jpg.jpg"
"Bob Stewart MP","0","Beckenham","-89.2585","30","https://assets3.parliament.uk/ext/mnis-bio-person/www.dodspeople.com/photos/83527.jpg.jpg"
"Mohammad Yasin MP","0","Bedford","-157.515","-20","https://assets3.parliament.uk/ext/mnis-bio-person/www.dodspeople.com/photos/113926.jpg.jpg"
"Ms Nadine Dorries MP","1","Mid Bedfordshire","63.9956","31","https://assets3.parliament.uk/ext/mnis-bio-person/www.dodspeople.com/photos/41312.jpg.jpg"
"Rt Hon Alistair Burt MP","0","North East Bedfordshire","-154.396","6","https://assets3.parliament.uk/ext/mnis-bio-person/www.dodspeople.com/photos/25162.jpg.jpg"
"Andrew Selous MP","0","South West Bedfordshire","-226.309","23","https://assets3.parliament.uk/ext/mnis-bio-person/www.dodspeople.com/photos/25301.jpg.jpg"
"Gavin Robinson MP","0","Belfast East","122.299","29","https://assets3.parliament.uk/ext/mnis-bio-person/www.dodspeople.com/photos/121653.jpg.jpg"
"Rt Hon Nigel Dodds MP","0","Belfast North","-6.69289","30","https://assets3.parliament.uk/ext/mnis-bio-person/www.dodspeople.com/photos/25658.jpg.jpg"
"Emma Little Pengelly MP","1","Belfast South","247.608","28","https://assets3.parliament.uk/ext/mnis-bio-person/www.dodspeople.com/photos/140935.jpg.jpg"
"Paul Maskey MP","0","Belfast West","-223.241","0","https://assets3.parliament.uk/ext/mnis-bio-person/www.dodspeople.com/photos/58939.jpg.jpg"
"Neil Coyle MP","0","Bermondsey and Old Southwark","222.412","-21","https://assets3.parliament.uk/ext/mnis-bio-person/www.dodspeople.com/photos/60236.jpg.jpg"
"Anne-Marie Trevelyan MP","1","Berwick-upon-Tweed","257.655","32","https://assets3.parliament.uk/ext/mnis-bio-person/www.dodspeople.com/photos/62791.jpg.jpg"
"John Lamont MP","0","Berwickshire, Roxburgh and Selkirk","-171.766","24","https://assets3.parliament.uk/ext/mnis-bio-person/www.dodspeople.com/photos/36104.jpg.jpg"
"Rushanara Ali MP","1","Bethnal Green and Bow","137.515","-21","https://assets3.parliament.uk/ext/mnis-bio-person/www.dodspeople.com/photos/58561.jpg.jpg"
"Graham Stuart MP","0","Beverley and Holderness","-116.045","26","https://assets3.parliament.uk/ext/mnis-bio-person/www.dodspeople.com/photos/31707.jpg.jpg"
"Huw Merriman MP","0","Bexhill and Battle","74.9494","25","https://assets3.parliament.uk/ext/mnis-bio-person/www.dodspeople.com/photos/72290.jpg.jpg"
"Rt Hon Sir David Evennett MP","0","Bexleyheath and Crayford","-94.5363","26","https://assets3.parliament.uk/ext/mnis-bio-person/www.dodspeople.com/photos/31706.jpg.jpg"
"Rt Hon Frank Field MP","0","Birkenhead","78.9688","18","https://assets3.parliament.uk/ext/mnis-bio-person/www.dodspeople.com/photos/25534.jpg.jpg"
"Preet Kaur Gill MP","1","Birmingham, Edgbaston","124.42","-21","https://assets3.parliament.uk/ext/mnis-bio-person/www.dodspeople.com/photos/116950.jpg.jpg"
"Jack Dromey MP","0","Birmingham, Erdington","-48.1291","-19","https://assets3.parliament.uk/ext/mnis-bio-person/www.dodspeople.com/photos/47128.jpg.jpg"
"Mr Roger Godsiff MP","0","Birmingham, Hall Green","-236.691","-17","https://assets3.parliament.uk/ext/mnis-bio-person/www.dodspeople.com/photos/25655.jpg.jpg"
"Rt Hon Liam Byrne MP","0","Birmingham, Hodge Hill","120.811","-20","https://assets3.parliament.uk/ext/mnis-bio-person/www.dodspeople.com/photos/30771.jpg.jpg"
"Shabana Mahmood MP","1","Birmingham, Ladywood","-8.04144","-20","https://assets3.parliament.uk/ext/mnis-bio-person/www.dodspeople.com/photos/72715.jpg.jpg"
"Richard Burden MP","0","Birmingham, Northfield","-132.406","-20","https://assets3.parliament.uk/ext/mnis-bio-person/www.dodspeople.com/photos/25748.jpg.jpg"
"Mr Khalid Mahmood MP","0","Birmingham, Perry Barr","-144.676","-20","https://assets3.parliament.uk/ext/mnis-bio-person/www.dodspeople.com/photos/25438.jpg.jpg"
"Steve McCabe MP","0","Birmingham, Selly Oak","-110.828","-21","https://assets3.parliament.uk/ext/mnis-bio-person/www.dodspeople.com/photos/25185.jpg.jpg"
"Jess Phillips MP","1","Birmingham, Yardley","-7.03082","-21","https://assets3.parliament.uk/ext/mnis-bio-person/www.dodspeople.com/photos/106164.jpg.jpg"
"Helen Goodman MP","1","Bishop Auckland","-44.2648","-19","https://assets3.parliament.uk/ext/mnis-bio-person/www.dodspeople.com/photos/40782.jpg.jpg"
"Kate Hollern MP","1","Blackburn","66.0897","-20","https://assets3.parliament.uk/ext/mnis-bio-person/www.dodspeople.com/photos/110372.jpg.jpg"
"Graham Stringer MP","0","Blackley and Broughton","-139.905","23","https://assets3.parliament.uk/ext/mnis-bio-person/www.dodspeople.com/photos/25259.jpg.jpg"
"Paul Maynard MP","0","Blackpool North and Cleveleys","-137.048","20","https://assets3.parliament.uk/ext/mnis-bio-person/www.dodspeople.com/photos/35499.jpg.jpg"
"Gordon Marsden MP","0","Blackpool South","-92.6178","-18","https://assets3.parliament.uk/ext/mnis-bio-person/www.dodspeople.com/photos/25439.jpg.jpg"
"Nick Smith MP","0","Blaenau Gwent","-113.489","-12","https://assets3.parliament.uk/ext/mnis-bio-person/www.dodspeople.com/photos/72304.jpg.jpg"
"Liz Twist MP","1","Blaydon","-266.268","-20","https://assets3.parliament.uk/ext/mnis-bio-person/www.dodspeople.com/photos/113394.jpg.jpg"
"Mr Ronnie Campbell MP","0","Blyth Valley","-180.119","19","https://assets3.parliament.uk/ext/mnis-bio-person/www.dodspeople.com/photos/25669.jpg.jpg"
"Rt Hon Nick Gibb MP","0","Bognor Regis and Littlehampton","-46.4325","23","https://assets3.parliament.uk/ext/mnis-bio-person/www.dodspeople.com/photos/25544.jpg.jpg"
"Mr Dennis Skinner MP","0","Bolsover","-133.369","-5","https://assets3.parliament.uk/ext/mnis-bio-person/www.dodspeople.com/photos/25309.jpg.jpg"
"Sir David Crausby MP","0","Bolton North East","-69.1095","-19","https://assets3.parliament.uk/ext/mnis-bio-person/www.dodspeople.com/photos/25156.jpg.jpg"
"Yasmin Qureshi MP","1","Bolton South East","128.494","-20","https://assets3.parliament.uk/ext/mnis-bio-person/www.dodspeople.com/photos/35869.jpg.jpg"
"Chris Green MP","0","Bolton West","102.31","32","https://assets3.parliament.uk/ext/mnis-bio-person/www.dodspeople.com/photos/83505.jpg.jpg"
"Peter Dowd MP","0","Bootle","-121.095","-20","https://assets3.parliament.uk/ext/mnis-bio-person/www.dodspeople.com/photos/115805.jpg.jpg"
"Matt Warman MP","0","Boston and Skegness","97.1152","29","https://assets3.parliament.uk/ext/mnis-bio-person/www.dodspeople.com/photos/136511.jpg.jpg"
"David Tredinnick MP","0","Bosworth","-201.413","20","https://assets3.parliament.uk/ext/mnis-bio-person/www.dodspeople.com/photos/25288.jpg.jpg"
"Rt Hon Tobias Ellwood MP","0","Bournemouth East","-220.778","14","https://assets3.parliament.uk/ext/mnis-bio-person/www.dodspeople.com/photos/31646.jpg.jpg"
"Conor Burns MP","0","Bournemouth West","-50.3138","32","https://assets3.parliament.uk/ext/mnis-bio-person/www.dodspeople.com/photos/31713.jpg.jpg"
"Dr Phillip Lee MP","0","Bracknell","-136.209","-6","https://assets3.parliament.uk/ext/mnis-bio-person/www.dodspeople.com/photos/40500.jpg.jpg"
"Imran Hussain MP","0","Bradford East","-57.0383","-20","https://assets3.parliament.uk/ext/mnis-bio-person/www.dodspeople.com/photos/96076.jpg.jpg"
"Judith Cummins MP","0","Bradford South","-59.1655","-14","https://assets3.parliament.uk/ext/mnis-bio-person/www.dodspeople.com/photos/117593.jpg.jpg"
"Naz Shah MP","1","Bradford West","-31.8307","-20","https://assets3.parliament.uk/ext/mnis-bio-person/www.dodspeople.com/photos/138070.jpg.jpg"
"James Cleverly MP","0","Braintree","-3.28282","27","https://assets3.parliament.uk/ext/mnis-bio-person/www.dodspeople.com/photos/35384.jpg.jpg"
"Chris Davies MP","0","Brecon and Radnorshire","56.9459","25","https://assets3.parliament.uk/ext/mnis-bio-person/www.dodspeople.com/photos/91138.jpg.jpg"
"Dawn Butler MP","1","Brent Central","5.58035","-18","https://assets3.parliament.uk/ext/mnis-bio-person/www.dodspeople.com/photos/40783.jpg.jpg"
"Barry Gardiner MP","0","Brent North","-95.6419","-19","https://assets3.parliament.uk/ext/mnis-bio-person/www.dodspeople.com/photos/25651.jpg.jpg"
"Ruth Cadbury MP","1","Brentford and Isleworth","190.961","-20","https://assets3.parliament.uk/ext/mnis-bio-person/www.dodspeople.com/photos/108781.jpg.jpg"
"Alex Burghart MP","0","Brentwood and Ongar","83.2541","24","https://assets3.parliament.uk/ext/mnis-bio-person/www.dodspeople.com/photos/137715.jpg.jpg"
"Mrs Madeleine Moon MP","1","Bridgend","46.0299","-21","https://assets3.parliament.uk/ext/mnis-bio-person/www.dodspeople.com/photos/35871.jpg.jpg"
"Mr Ian Liddell-Grainger MP","0","Bridgwater and West Somerset","-92.6128","28","https://assets3.parliament.uk/ext/mnis-bio-person/www.dodspeople.com/photos/25472.jpg.jpg"
"Andrew Percy MP","0","Brigg and Goole","-64.1095","24","https://assets3.parliament.uk/ext/mnis-bio-person/www.dodspeople.com/photos/40470.jpg.jpg"
"Lloyd Russell-Moyle MP","0","Brighton, Kemptown","76.5396","-18","https://assets3.parliament.uk/ext/mnis-bio-person/www.dodspeople.com/photos/110173.jpg.jpg"
"Caroline Lucas MP","1","Brighton, Pavilion","129.031","-17","https://assets3.parliament.uk/ext/mnis-bio-person/www.dodspeople.com/photos/28490.jpg.jpg"
"Kerry McCarthy MP","1","Bristol East","226.119","-20","https://assets3.parliament.uk/ext/mnis-bio-person/www.dodspeople.com/photos/39440.jpg.jpg"
"Darren Jones MP","0","Bristol North West","154.358","-21","https://assets3.parliament.uk/ext/mnis-bio-person/www.dodspeople.com/photos/77854.jpg.jpg"
"Karin Smyth MP","1","Bristol South","48.9494","-21","https://assets3.parliament.uk/ext/mnis-bio-person/www.dodspeople.com/photos/106237.jpg.jpg"
"Thangam Debbonaire MP","1","Bristol West","70.0897","-19","https://assets3.parliament.uk/ext/mnis-bio-person/www.dodspeople.com/photos/105944.jpg.jpg"
"Rt Hon Keith Simpson MP","0","Broadland","-297.766","21","https://assets3.parliament.uk/ext/mnis-bio-person/www.dodspeople.com/photos/25206.jpg.jpg"
"Robert Neill MP","0","Bromley and Chislehurst","-175.91","14","https://assets3.parliament.uk/ext/mnis-bio-person/www.dodspeople.com/photos/34498.jpg.jpg"
"Rt Hon Sajid Javid MP","0","Bromsgrove","-173.924","14","https://assets3.parliament.uk/ext/mnis-bio-person/www.dodspeople.com/photos/84360.jpg.jpg"
"Mr Charles Walker MP","0","Broxbourne","57.8804","25","https://assets3.parliament.uk/ext/mnis-bio-person/www.dodspeople.com/photos/37676.jpg.jpg"
"Rt Hon Anna Soubry MP","1","Broxtowe","44.6819","-13","https://assets3.parliament.uk/ext/mnis-bio-person/www.dodspeople.com/photos/35353.jpg.jpg"
"Rt Hon John Bercow MP","0","Buckingham","-3.24821","0","https://assets3.parliament.uk/ext/mnis-bio-person/www.dodspeople.com/photos/25808.jpg.jpg"
"Julie Cooper MP","1","Burnley","27.2993","-18","https://assets3.parliament.uk/ext/mnis-bio-person/www.dodspeople.com/photos/83501.jpg.jpg"
"Andrew Griffiths MP","0","Burton","36.7141","29","https://assets3.parliament.uk/ext/mnis-bio-person/www.dodspeople.com/photos/42358.jpg.jpg"
"James Frith MP","0","Bury North","116.299","-21","https://assets3.parliament.uk/ext/mnis-bio-person/www.dodspeople.com/photos/106001.jpg.jpg"
"Mr Ivan Lewis MP","0","Bury South","-141.536","-14","https://assets3.parliament.uk/ext/mnis-bio-person/www.dodspeople.com/photos/25469.jpg.jpg"
"Jo Churchill MP","1","Bury St Edmunds","14.9605","20","https://assets3.parliament.uk/ext/mnis-bio-person/www.dodspeople.com/photos/136478.jpg.jpg"
"Wayne David MP","0","Caerphilly","-153.905","-20","https://assets3.parliament.uk/ext/mnis-bio-person/www.dodspeople.com/photos/25696.jpg.jpg"
"Jamie Stone MP","0","Caithness, Sutherland and Easter Ross","-128.395","-19","https://assets3.parliament.uk/ext/mnis-bio-person/www.dodspeople.com/photos/121354.jpg.jpg"
"Craig Whittaker MP","0","Calder Valley","154.209","25","https://assets3.parliament.uk/ext/mnis-bio-person/www.dodspeople.com/photos/62798.jpg.jpg"
"Rt Hon Harriet Harman QC MP","1","Camberwell and Peckham","49.4849","-21","https://assets3.parliament.uk/ext/mnis-bio-person/www.dodspeople.com/photos/25677.jpg.jpg"
"George Eustice MP","0","Camborne and Redruth","-29.0383","23","https://assets3.parliament.uk/ext/mnis-bio-person/www.dodspeople.com/photos/77092.jpg.jpg"
"Daniel Zeichner MP","0","Cambridge","-128.003","-20","https://assets3.parliament.uk/ext/mnis-bio-person/www.dodspeople.com/photos/35946.jpg.jpg"
"Rt Hon Stephen Barclay MP","0","North East Cambridgeshire","216.951","17","https://assets3.parliament.uk/ext/mnis-bio-person/www.dodspeople.com/photos/43499.jpg.jpg"
"Mr Shailesh Vara MP","0","North West Cambridgeshire","-107.509","33","https://assets3.parliament.uk/ext/mnis-bio-person/www.dodspeople.com/photos/31684.jpg.jpg"
"Heidi Allen MP","1","South Cambridgeshire","229.905","-12","https://assets3.parliament.uk/ext/mnis-bio-person/www.dodspeople.com/photos/127402.jpg.jpg"
"Lucy Frazer MP","1","South East Cambridgeshire","245.033","19","https://assets3.parliament.uk/ext/mnis-bio-person/www.dodspeople.com/photos/109472.jpg.jpg"
"Amanda Milling MP","1","Cannock Chase","240.045","25","https://assets3.parliament.uk/ext/mnis-bio-person/www.dodspeople.com/photos/126839.jpg.jpg"
"Rosie Duffield MP","1","Canterbury","216.687","-23","https://assets3.parliament.uk/ext/mnis-bio-person/www.dodspeople.com/photos/147928.jpg.jpg"
"Jo Stevens MP","1","Cardiff Central","-25.4723","-19","https://assets3.parliament.uk/ext/mnis-bio-person/www.dodspeople.com/photos/106240.jpg.jpg"
"Anna McMorrin MP","1","Cardiff North","121.608","-19","https://assets3.parliament.uk/ext/mnis-bio-person/www.dodspeople.com/photos/92493.jpg.jpg"
"Stephen Doughty MP","0","Cardiff South and Penarth","156.608","-21","https://assets3.parliament.uk/ext/mnis-bio-person/www.dodspeople.com/photos/61112.jpg.jpg"
"Kevin Brennan MP","0","Cardiff West","-143.609","-22","https://assets3.parliament.uk/ext/mnis-bio-person/www.dodspeople.com/photos/25777.jpg.jpg"
"John Stevenson MP","0","Carlisle","84.6904","14","https://assets3.parliament.uk/ext/mnis-bio-person/www.dodspeople.com/photos/62784.jpg.jpg"
"Jonathan Edwards MP","0","Carmarthen East and Dinefwr","-22.7417","-21","https://assets3.parliament.uk/ext/mnis-bio-person/www.dodspeople.com/photos/84388.jpg.jpg"
"Simon Hart MP","0","Carmarthen West and South Pembrokeshire","-160.341","21","https://assets3.parliament.uk/ext/mnis-bio-person/www.dodspeople.com/photos/53927.jpg.jpg"
"Rt Hon Tom Brake MP","0","Carshalton and Wallington","-198.969","-20","https://assets3.parliament.uk/ext/mnis-bio-person/www.dodspeople.com/photos/25726.jpg.jpg"
"Rebecca Harris MP","1","Castle Point","325.746","25","https://assets3.parliament.uk/ext/mnis-bio-person/www.dodspeople.com/photos/73064.jpg.jpg"
"Ben Lake MP","0","Ceredigion","45.6052","-21","https://assets3.parliament.uk/ext/mnis-bio-person/www.dodspeople.com/photos/147949.jpg.jpg"
"Edward Argar MP","0","Charnwood","107.752","24","https://assets3.parliament.uk/ext/mnis-bio-person/www.dodspeople.com/photos/72241.jpg.jpg"
"Tracey Crouch MP","1","Chatham and Aylesford","108.268","34","https://assets3.parliament.uk/ext/mnis-bio-person/www.dodspeople.com/photos/54004.jpg.jpg"
"Mary Robinson MP","1","Cheadle","13.0025","24","https://assets3.parliament.uk/ext/mnis-bio-person/www.dodspeople.com/photos/106168.jpg.jpg"
"Vicky Ford MP","1","Chelmsford","53.0574","16","https://assets3.parliament.uk/ext/mnis-bio-person/www.dodspeople.com/photos/37672.jpg.jpg"
"Rt Hon Greg Hands MP","0","Chelsea and Fulham","15.515","24","https://assets3.parliament.uk/ext/mnis-bio-person/www.dodspeople.com/photos/35363.jpg.jpg"
"Alex Chalk MP","0","Cheltenham","34.0977","16","https://assets3.parliament.uk/ext/mnis-bio-person/www.dodspeople.com/photos/105925.jpg.jpg"
"Rt Hon Dame Cheryl Gillan MP","1","Chesham and Amersham","53.7518","21","https://assets3.parliament.uk/ext/mnis-bio-person/www.dodspeople.com/photos/25627.jpg.jpg"
"Christian Matheson MP","0","City of Chester","62.9426","-19","https://assets3.parliament.uk/ext/mnis-bio-person/www.dodspeople.com/photos/106119.jpg.jpg"
"Toby Perkins MP","0","Chesterfield","-53.3092","-16","https://assets3.parliament.uk/ext/mnis-bio-person/www.dodspeople.com/photos/64625.jpg.jpg"
"Gillian Keegan MP","1","Chichester","135.314","21","https://assets3.parliament.uk/ext/mnis-bio-person/www.dodspeople.com/photos/136012.jpg.jpg"
"Rt Hon Iain Duncan Smith MP","0","Chingford and Woodford Green","-83.6006","32","https://assets3.parliament.uk/ext/mnis-bio-person/www.dodspeople.com/photos/25640.jpg.jpg"
"Michelle Donelan MP","1","Chippenham","156.915","22","https://assets3.parliament.uk/ext/mnis-bio-person/www.dodspeople.com/photos/84454.jpg.jpg"
"Rt Hon Theresa Villiers MP","1","Chipping Barnet","27.0365","33","https://assets3.parliament.uk/ext/mnis-bio-person/www.dodspeople.com/photos/29179.jpg.jpg"
"Rt Hon Sir Lindsay Hoyle MP","0","Chorley","-32.7612","0","https://assets3.parliament.uk/ext/mnis-bio-person/www.dodspeople.com/photos/25512.jpg.jpg"
"Sir Christopher Chope MP","0","Christchurch","-283.358","34","https://assets3.parliament.uk/ext/mnis-bio-person/www.dodspeople.com/photos/25799.jpg.jpg"
"Rt Hon Mark Field MP","0","Cities of London and Westminster","-28.1655","13","https://assets3.parliament.uk/ext/mnis-bio-person/www.dodspeople.com/photos/25535.jpg.jpg"
"Giles Watling MP","0","Clacton","-50.5675","30","https://assets3.parliament.uk/ext/mnis-bio-person/www.dodspeople.com/photos/125322.jpg.jpg"
"Martin Vickers MP","0","Cleethorpes","-38.1258","33","https://assets3.parliament.uk/ext/mnis-bio-person/www.dodspeople.com/photos/40371.jpg.jpg"
"Susan Elan Jones MP","1","Clwyd South","52.9692","-22","https://assets3.parliament.uk/ext/mnis-bio-person/www.dodspeople.com/photos/83418.jpg.jpg"
"Rt Hon David Jones MP","0","Clwyd West","-43.485","34","https://assets3.parliament.uk/ext/mnis-bio-person/www.dodspeople.com/photos/31694.jpg.jpg"
"Hugh Gaffney MP","0","Coatbridge, Chryston and Bellshill","-155.661","-22","https://assets3.parliament.uk/ext/mnis-bio-person/www.dodspeople.com/photos/142977.jpg.jpg"
"Will Quince MP","0","Colchester","80.9688","29","https://assets3.parliament.uk/ext/mnis-bio-person/www.dodspeople.com/photos/77098.jpg.jpg"
"Thelma Walker MP","1","Colne Valley","-124.454","-20","https://assets3.parliament.uk/ext/mnis-bio-person/www.dodspeople.com/photos/148143.jpg.jpg"
"Fiona Bruce MP","1","Congleton","42.095","26","https://assets3.parliament.uk/ext/mnis-bio-person/www.dodspeople.com/photos/35510.jpg.jpg"
"Trudy Harrison MP","1","Copeland","245.369","24","https://assets3.parliament.uk/ext/mnis-bio-person/www.dodspeople.com/photos/147214.jpg.jpg"
"Tom Pursglove MP","0","Corby","191.752","32","https://assets3.parliament.uk/ext/mnis-bio-person/www.dodspeople.com/photos/101628.jpg.jpg"
"Scott Mann MP","0","North Cornwall","111.585","29","https://assets3.parliament.uk/ext/mnis-bio-person/www.dodspeople.com/photos/106116.jpg.jpg"
"Mrs Sheryll Murray MP","1","South East Cornwall","-144.939","32","https://assets3.parliament.uk/ext/mnis-bio-person/www.dodspeople.com/photos/62747.jpg.jpg"
"Sir Geoffrey Clifton-Brown MP","0","The Cotswolds","-221.23","29","https://assets3.parliament.uk/ext/mnis-bio-person/www.dodspeople.com/photos/25708.jpg.jpg"
"Colleen Fletcher MP","1","Coventry North East","-10.6478","-18","https://assets3.parliament.uk/ext/mnis-bio-person/www.dodspeople.com/photos/109467.jpg.jpg"
"Mr Geoffrey Robinson MP","0","Coventry North West","-209.796","-19","https://assets3.parliament.uk/ext/mnis-bio-person/www.dodspeople.com/photos/25201.jpg.jpg"
"Mr Jim Cunningham MP","0","Coventry South","-63.8137","-16","https://assets3.parliament.uk/ext/mnis-bio-person/www.dodspeople.com/photos/25575.jpg.jpg"
"Henry Smith MP","0","Crawley","26.8742","33","https://assets3.parliament.uk/ext/mnis-bio-person/www.dodspeople.com/photos/35320.jpg.jpg"
"Laura Smith MP","1","Crewe and Nantwich","111.41","-9","https://assets3.parliament.uk/ext/mnis-bio-person/www.dodspeople.com/photos/148159.jpg.jpg"
"Sarah Jones MP","1","Croydon Central","64.7223","-22","https://assets3.parliament.uk/ext/mnis-bio-person/www.dodspeople.com/photos/53636.jpg.jpg"
"Mr Steve Reed MP","0","Croydon North","34.7955","-22","https://assets3.parliament.uk/ext/mnis-bio-person/www.dodspeople.com/photos/101345.jpg.jpg"
"Chris Philp MP","0","Croydon South","12.0299","24","https://assets3.parliament.uk/ext/mnis-bio-person/www.dodspeople.com/photos/62759.jpg.jpg"
"Stuart C. McDonald MP","0","Cumbernauld, Kilsyth and Kirkintilloch East","115.239","-19","https://assets3.parliament.uk/ext/mnis-bio-person/www.dodspeople.com/photos/136662.jpg.jpg"
"Rt Hon Ann Clwyd MP","1","Cynon Valley","8.39577","-17","https://assets3.parliament.uk/ext/mnis-bio-person/www.dodspeople.com/photos/25755.jpg.jpg"
"Jon Cruddas MP","0","Dagenham and Rainham","51.222","-13","https://assets3.parliament.uk/ext/mnis-bio-person/www.dodspeople.com/photos/25577.jpg.jpg"
"Jenny Chapman MP","1","Darlington","164.287","-19","https://assets3.parliament.uk/ext/mnis-bio-person/www.dodspeople.com/photos/83499.jpg.jpg"
"Gareth Johnson MP","0","Dartford","14.2869","32","https://assets3.parliament.uk/ext/mnis-bio-person/www.dodspeople.com/photos/35325.jpg.jpg"
"Chris Heaton-Harris MP","0","Daventry","-53.4065","26","https://assets3.parliament.uk/ext/mnis-bio-person/www.dodspeople.com/photos/28244.jpg.jpg"
"Rt Hon David Hanson MP","0","Delyn","-156.047","-18","https://assets3.parliament.uk/ext/mnis-bio-person/www.dodspeople.com/photos/25676.jpg.jpg"
"Andrew Gwynne MP","0","Denton and Reddish","-13.7038","-14","https://assets3.parliament.uk/ext/mnis-bio-person/www.dodspeople.com/photos/35894.jpg.jpg"
"Chris Williamson MP","0","Derby North","0.564833","-9","https://assets3.parliament.uk/ext/mnis-bio-person/www.dodspeople.com/photos/84368.jpg.jpg"
"Rt Hon Margaret Beckett MP","1","Derby South","-222.084","-18","https://assets3.parliament.uk/ext/mnis-bio-person/www.dodspeople.com/photos/25805.jpg.jpg"
"Rt Hon Sir Patrick McLoughlin MP","0","Derbyshire Dales","-120.03","22","https://assets3.parliament.uk/ext/mnis-bio-person/www.dodspeople.com/photos/25481.jpg.jpg"
"Mrs Pauline Latham MP","1","Mid Derbyshire","-76.2253","29","https://assets3.parliament.uk/ext/mnis-bio-person/www.dodspeople.com/photos/41721.jpg.jpg"
"Lee Rowley MP","0","North East Derbyshire","-18.8899","34","https://assets3.parliament.uk/ext/mnis-bio-person/www.dodspeople.com/photos/83604.jpg.jpg"
"Mrs Heather Wheeler MP","1","South Derbyshire","-138.58","25","https://assets3.parliament.uk/ext/mnis-bio-person/www.dodspeople.com/photos/35319.jpg.jpg"
"Rt Hon Claire Perry MP","1","Devizes","164.205","14","https://assets3.parliament.uk/ext/mnis-bio-person/www.dodspeople.com/photos/83522.jpg.jpg"
"Rt Hon Mel Stride MP","1","Central Devon","8.14028","23","https://assets3.parliament.uk/ext/mnis-bio-person/www.dodspeople.com/photos/62786.jpg.jpg"
"Rt Hon Sir Hugo Swire MP","0","East Devon","-49.6819","23","https://assets3.parliament.uk/ext/mnis-bio-person/www.dodspeople.com/photos/25212.jpg.jpg"
"Peter Heaton-Jones MP","0","North Devon","-147.687","24","https://assets3.parliament.uk/ext/mnis-bio-person/www.dodspeople.com/photos/100867.jpg.jpg"
"Sir Gary Streeter MP","0","South West Devon","-290.037","20","https://assets3.parliament.uk/ext/mnis-bio-person/www.dodspeople.com/photos/25211.jpg.jpg"
"Rt Hon Geoffrey Cox QC MP","0","Torridge and West Devon","-99.8742","16","https://assets3.parliament.uk/ext/mnis-bio-person/www.dodspeople.com/photos/31700.jpg.jpg"
"Paula Sherriff MP","1","Dewsbury","172.939","-19","https://assets3.parliament.uk/ext/mnis-bio-person/www.dodspeople.com/photos/108955.jpg.jpg"
"Rt Hon Caroline Flint MP","1","Don Valley","284.942","2","https://assets3.parliament.uk/ext/mnis-bio-person/www.dodspeople.com/photos/25645.jpg.jpg"
"Rt Hon Dame Rosie Winterton MP","1","Doncaster Central","-211.96","0","https://assets3.parliament.uk/ext/mnis-bio-person/www.dodspeople.com/photos/25253.jpg.jpg"
"Rt Hon Edward Miliband MP","0","Doncaster North","-132.13","-20","https://assets3.parliament.uk/ext/mnis-bio-person/www.dodspeople.com/photos/40791.jpg.jpg"
"Michael Tomlinson MP","0","Mid Dorset and North Poole","-116.594","32","https://assets3.parliament.uk/ext/mnis-bio-person/www.dodspeople.com/photos/106247.jpg.jpg"
"Simon Hoare MP","0","North Dorset","-341.143","15","https://assets3.parliament.uk/ext/mnis-bio-person/www.dodspeople.com/photos/72275.jpg.jpg"
"Richard Drax MP","0","South Dorset","88.3053","27","https://assets3.parliament.uk/ext/mnis-bio-person/www.dodspeople.com/photos/62850.jpg.jpg"
"Rt Hon Sir Oliver Letwin MP","0","West Dorset","-178.968","-8","https://assets3.parliament.uk/ext/mnis-bio-person/www.dodspeople.com/photos/25415.jpg.jpg"
"Charlie Elphicke MP","0","Dover","90.1636","32","https://assets3.parliament.uk/ext/mnis-bio-person/www.dodspeople.com/photos/41646.jpg.jpg"
"Lady Hermon MP","1","North Down","-88.2275","6","https://assets3.parliament.uk/ext/mnis-bio-person/www.dodspeople.com/photos/25175.jpg.jpg"
"Chris Hazzard MP","0","South Down","87.5348","0","https://assets3.parliament.uk/ext/mnis-bio-person/www.dodspeople.com/photos/96246.jpg.jpg"
"Ian Austin MP","0","Dudley North","7.35586","7","https://assets3.parliament.uk/ext/mnis-bio-person/www.dodspeople.com/photos/19494.jpg.jpg"
"Mike Wood MP","0","Dudley South","66.3092","26","https://assets3.parliament.uk/ext/mnis-bio-person/www.dodspeople.com/photos/132423.jpg.jpg"
"Helen Hayes MP","1","Dulwich and West Norwood","-10.4125","-22","https://assets3.parliament.uk/ext/mnis-bio-person/www.dodspeople.com/photos/110373.jpg.jpg"
"Mr Alister Jack MP","0","Dumfries and Galloway","15.7747","20","https://assets3.parliament.uk/ext/mnis-bio-person/www.dodspeople.com/photos/148300.jpg.jpg"
"Rt Hon David Mundell MP","0","Dumfriesshire, Clydesdale and Tweeddale","-73.7007","14","https://assets3.parliament.uk/ext/mnis-bio-person/www.dodspeople.com/photos/32679.jpg.jpg"
"Jo Swinson MP","1","East Dunbartonshire","222.609","-21","https://assets3.parliament.uk/ext/mnis-bio-person/www.dodspeople.com/photos/31661.jpg.jpg"
"Martin Docherty-Hughes MP","0","West Dunbartonshire","39.6257","-19","https://assets3.parliament.uk/ext/mnis-bio-person/www.dodspeople.com/photos/121941.jpg.jpg"
"Stewart Hosie MP","0","Dundee East","110.498","-18","https://assets3.parliament.uk/ext/mnis-bio-person/www.dodspeople.com/photos/38317.jpg.jpg"
"Chris Law MP","0","Dundee West","-249.004","-19","https://assets3.parliament.uk/ext/mnis-bio-person/www.dodspeople.com/photos/137565.jpg.jpg"
"Douglas Chapman MP","0","Dunfermline and West Fife","85.482","-18","https://assets3.parliament.uk/ext/mnis-bio-person/www.dodspeople.com/photos/38326.jpg.jpg"
"Dr Roberta Blackman-Woods MP","1","City of Durham","331.964","-22","https://assets3.parliament.uk/ext/mnis-bio-person/www.dodspeople.com/photos/35889.jpg.jpg"
"Rt Hon Kevan Jones MP","0","North Durham","73.3399","-12","https://assets3.parliament.uk/ext/mnis-bio-person/www.dodspeople.com/photos/25525.jpg.jpg"
"Laura Pidcock MP","1","North West Durham","68.2349","-20","https://assets3.parliament.uk/ext/mnis-bio-person/www.dodspeople.com/photos/113757.jpg.jpg"
"Rt Hon Liz Saville Roberts MP","1","Dwyfor Meirionnydd","245.291","-21","https://assets3.parliament.uk/ext/mnis-bio-person/www.dodspeople.com/photos/58063.jpg.jpg"
"Dr Rupa Huq MP","1","Ealing Central and Acton","-4.51101","-20","https://assets3.parliament.uk/ext/mnis-bio-person/www.dodspeople.com/photos/38860.jpg.jpg"
"Stephen Pound MP","0","Ealing North","12.91","-20","https://assets3.parliament.uk/ext/mnis-bio-person/www.dodspeople.com/photos/25409.jpg.jpg"
"Mr Virendra Sharma MP","0","Ealing, Southall","-241.252","-21","https://assets3.parliament.uk/ext/mnis-bio-person/www.dodspeople.com/photos/61606.jpg.jpg"
"Grahame Morris MP","0","Easington","-309.53","-6","https://assets3.parliament.uk/ext/mnis-bio-person/www.dodspeople.com/photos/64630.jpg.jpg"
"Rt Hon Stephen Timms MP","0","East Ham","-131.964","-21","https://assets3.parliament.uk/ext/mnis-bio-person/www.dodspeople.com/photos/25278.jpg.jpg"
"Dr Lisa Cameron MP","1","East Kilbride, Strathaven and Lesmahagow","117.536","-19","https://assets3.parliament.uk/ext/mnis-bio-person/www.dodspeople.com/photos/138153.jpg.jpg"
"Martin Whitfield MP","0","East Lothian","86.7935","-23","https://assets3.parliament.uk/ext/mnis-bio-person/www.dodspeople.com/photos/148609.jpg.jpg"
"Stephen Lloyd MP","0","Eastbourne","-246.615","-22","https://assets3.parliament.uk/ext/mnis-bio-person/www.dodspeople.com/photos/31663.jpg.jpg"
"Mims Davies MP","1","Eastleigh","232.48","28","https://assets3.parliament.uk/ext/mnis-bio-person/www.dodspeople.com/photos/128904.jpg.jpg"
"Antoinette Sandbach MP","1","Eddisbury","7.13291","-16","https://assets3.parliament.uk/ext/mnis-bio-person/www.dodspeople.com/photos/58080.jpg.jpg"
"Tommy Sheppard MP","0","Edinburgh East","-161.369","-19","https://assets3.parliament.uk/ext/mnis-bio-person/www.dodspeople.com/photos/137173.jpg.jpg"
"Deidre Brock MP","1","Edinburgh North and Leith","-5.42235","-19","https://assets3.parliament.uk/ext/mnis-bio-person/www.dodspeople.com/photos/121884.jpg.jpg"
"Ian Murray MP","0","Edinburgh South","-21.7612","-22","https://assets3.parliament.uk/ext/mnis-bio-person/www.dodspeople.com/photos/85111.jpg.jpg"
"Joanna Cherry QC MP","1","Edinburgh South West","-33.3581","-19","https://assets3.parliament.uk/ext/mnis-bio-person/www.dodspeople.com/photos/137578.jpg.jpg"
"Christine Jardine MP","1","Edinburgh West","-0.129105","-20","https://assets3.parliament.uk/ext/mnis-bio-person/www.dodspeople.com/photos/91069.jpg.jpg"
"Kate Osamor MP","1","Edmonton","-5.46044","-19","https://assets3.parliament.uk/ext/mnis-bio-person/www.dodspeople.com/photos/134269.jpg.jpg"
"Justin Madders MP","0","Ellesmere Port and Neston","39.0977","-16","https://assets3.parliament.uk/ext/mnis-bio-person/www.dodspeople.com/photos/36008.jpg.jpg"
"Alec Shelbrooke MP","0","Elmet and Rothwell","-127.225","16","https://assets3.parliament.uk/ext/mnis-bio-person/www.dodspeople.com/photos/35500.jpg.jpg"
"Clive Efford MP","0","Eltham","-1.345","-21","https://assets3.parliament.uk/ext/mnis-bio-person/www.dodspeople.com/photos/25662.jpg.jpg"
"Rt Hon Joan Ryan MP","1","Enfield North","10.5151","-15","https://assets3.parliament.uk/ext/mnis-bio-person/www.dodspeople.com/photos/25365.jpg.jpg"
"Bambos Charalambous MP","0","Enfield, Southgate","-188.15","-18","https://assets3.parliament.uk/ext/mnis-bio-person/www.dodspeople.com/photos/35903.jpg.jpg"
"Rt Hon Dame Eleanor Laing MP","1","Epping Forest","63.2398","0","https://assets3.parliament.uk/ext/mnis-bio-person/www.dodspeople.com/photos/25182.jpg.jpg"
"Rt Hon Chris Grayling MP","0","Epsom and Ewell","-104.02","18","https://assets3.parliament.uk/ext/mnis-bio-person/www.dodspeople.com/photos/25172.jpg.jpg"
"Maggie Throup MP","1","Erewash","22.7658","27","https://assets3.parliament.uk/ext/mnis-bio-person/www.dodspeople.com/photos/37796.jpg.jpg"
"Teresa Pearce MP","1","Erith and Thamesmead","149.31","-20","https://assets3.parliament.uk/ext/mnis-bio-person/www.dodspeople.com/photos/79865.jpg.jpg"
"Rt Hon Dominic Raab MP","0","Esher and Walton","7.78476","32","https://assets3.parliament.uk/ext/mnis-bio-person/www.dodspeople.com/photos/83496.jpg.jpg"
"Rt Hon Ben Bradshaw MP","0","Exeter","20.3096","-21","https://assets3.parliament.uk/ext/mnis-bio-person/www.dodspeople.com/photos/25160.jpg.jpg"
"John McNally MP","0","Falkirk","28.9794","-15","https://assets3.parliament.uk/ext/mnis-bio-person/www.dodspeople.com/photos/74749.jpg.jpg"
"Suella Braverman MP","1","Fareham","202.485","34","https://assets3.parliament.uk/ext/mnis-bio-person/www.dodspeople.com/photos/138038.jpg.jpg"
"Helen Whately MP","1","Faversham and Mid Kent","112.219","24","https://assets3.parliament.uk/ext/mnis-bio-person/www.dodspeople.com/photos/137998.jpg.jpg"
"Seema Malhotra MP","1","Feltham and Heston","18.9595","-19","https://assets3.parliament.uk/ext/mnis-bio-person/www.dodspeople.com/photos/95400.jpg.jpg"
"Michelle Gildernew MP","1","Fermanagh and South Tyrone","115.602","0","https://assets3.parliament.uk/ext/mnis-bio-person/www.dodspeople.com/photos/25626.jpg.jpg"
"Stephen Gethins MP","0","North East Fife","311.123","-18","https://assets3.parliament.uk/ext/mnis-bio-person/www.dodspeople.com/photos/137229.jpg.jpg"
"Jack Lopresti MP","0","Filton and Bradley Stoke","121.164","26","https://assets3.parliament.uk/ext/mnis-bio-person/www.dodspeople.com/photos/41628.jpg.jpg"
"Mike Freer MP","0","Finchley and Golders Green","-71.8787","19","https://assets3.parliament.uk/ext/mnis-bio-person/www.dodspeople.com/photos/35366.jpg.jpg"
"Damian Collins MP","0","Folkestone and Hythe","-43.5777","22","https://assets3.parliament.uk/ext/mnis-bio-person/www.dodspeople.com/photos/35404.jpg.jpg"
"Rt Hon Mark Harper MP","0","Forest of Dean","22.4591","31","https://assets3.parliament.uk/ext/mnis-bio-person/www.dodspeople.com/photos/31687.jpg.jpg"
"Elisha McCallion MP","1","Foyle","221.42","0","https://assets3.parliament.uk/ext/mnis-bio-person/www.dodspeople.com/photos/122191.jpg.jpg"
"Mark Menzies MP","0","Fylde","52.3581","27","https://assets3.parliament.uk/ext/mnis-bio-person/www.dodspeople.com/photos/31587.jpg.jpg"
"Rt Hon Sir Edward Leigh MP","0","Gainsborough","-185.763","25","https://assets3.parliament.uk/ext/mnis-bio-person/www.dodspeople.com/photos/25183.jpg.jpg"
"Maria Eagle MP","1","Garston and Halewood","55.1196","-20","https://assets3.parliament.uk/ext/mnis-bio-person/www.dodspeople.com/photos/25660.jpg.jpg"
"Ian Mearns MP","0","Gateshead","-212.49","-19","https://assets3.parliament.uk/ext/mnis-bio-person/www.dodspeople.com/photos/84679.jpg.jpg"
"Vernon Coaker MP","0","Gedling","-256.169","-19","https://assets3.parliament.uk/ext/mnis-bio-person/www.dodspeople.com/photos/25758.jpg.jpg"
"Rehman Chishti MP","0","Gillingham and Rainham","-171.529","35","https://assets3.parliament.uk/ext/mnis-bio-person/www.dodspeople.com/photos/35922.jpg.jpg"
"Alison Thewliss MP","1","Glasgow Central","37.7415","-19","https://assets3.parliament.uk/ext/mnis-bio-person/www.dodspeople.com/photos/121936.jpg.jpg"
"David Linden MP","0","Glasgow East","125.038","-16","https://assets3.parliament.uk/ext/mnis-bio-person/www.dodspeople.com/photos/148035.jpg.jpg"
"Patrick Grady MP","0","Glasgow North","53.1224","-19","https://assets3.parliament.uk/ext/mnis-bio-person/www.dodspeople.com/photos/74751.jpg.jpg"
"Mr Paul Sweeney MP","0","Glasgow North East","162.11","-22","https://assets3.parliament.uk/ext/mnis-bio-person/www.dodspeople.com/photos/143100.jpg.jpg"
"Carol Monaghan MP","1","Glasgow North West","94.1676","-18","https://assets3.parliament.uk/ext/mnis-bio-person/www.dodspeople.com/photos/137172.jpg.jpg"
"Stewart Malcolm McDonald MP","0","Glasgow South","-97.38","-19","https://assets3.parliament.uk/ext/mnis-bio-person/www.dodspeople.com/photos/137276.jpg.jpg"
"Chris Stephens MP","0","Glasgow South West","-44.2962","-19","https://assets3.parliament.uk/ext/mnis-bio-person/www.dodspeople.com/photos/43113.jpg.jpg"
"Peter Grant MP","0","Glenrothes","-287.795","-19","https://assets3.parliament.uk/ext/mnis-bio-person/www.dodspeople.com/photos/74701.jpg.jpg"
"Richard Graham MP","0","Gloucester","-114.626","17","https://assets3.parliament.uk/ext/mnis-bio-person/www.dodspeople.com/photos/62688.jpg.jpg"
"Colin Clark MP","0","Gordon","84.8345","21","https://assets3.parliament.uk/ext/mnis-bio-person/www.dodspeople.com/photos/134555.jpg.jpg"
"Caroline Dinenage MP","1","Gosport","136.726","26","https://assets3.parliament.uk/ext/mnis-bio-person/www.dodspeople.com/photos/35430.jpg.jpg"
"Tonia Antoniazzi MP","1","Gower","41.0995","-23","https://assets3.parliament.uk/ext/mnis-bio-person/www.dodspeople.com/photos/143230.jpg.jpg"
"Nick Boles MP","0","Grantham and Stamford","53.9403","-11","https://assets3.parliament.uk/ext/mnis-bio-person/www.dodspeople.com/photos/35373.jpg.jpg"
"Adam Holloway MP","0","Gravesham","145.812","34","https://assets3.parliament.uk/ext/mnis-bio-person/www.dodspeople.com/photos/35356.jpg.jpg"
"Melanie Onn MP","1","Great Grimsby","311.235","-13","https://assets3.parliament.uk/ext/mnis-bio-person/www.dodspeople.com/photos/133966.jpg.jpg"
"Rt Hon Brandon Lewis MP","0","Great Yarmouth","243.422","16","https://assets3.parliament.uk/ext/mnis-bio-person/www.dodspeople.com/photos/43555.jpg.jpg"
"Matthew Pennycook MP","0","Greenwich and Woolwich","253.973","-21","https://assets3.parliament.uk/ext/mnis-bio-person/www.dodspeople.com/photos/109310.jpg.jpg"
"Rt Hon Anne Milton MP","1","Guildford","-142.03","14","https://assets3.parliament.uk/ext/mnis-bio-person/www.dodspeople.com/photos/35360.jpg.jpg"
"Rt Hon Diane Abbott MP","1","Hackney North and Stoke Newington","-75.482","-20","https://assets3.parliament.uk/ext/mnis-bio-person/www.dodspeople.com/photos/25790.jpg.jpg"
"Meg Hillier MP","1","Hackney South and Shoreditch","95.1258","-23","https://assets3.parliament.uk/ext/mnis-bio-person/www.dodspeople.com/photos/35914.jpg.jpg"
"James Morris MP","0","Halesowen and Rowley Regis","3.40631","29","https://assets3.parliament.uk/ext/mnis-bio-person/www.dodspeople.com/photos/74640.jpg.jpg"
"Holly Lynch MP","1","Halifax","52.4652","-21","https://assets3.parliament.uk/ext/mnis-bio-person/www.dodspeople.com/photos/138673.jpg.jpg"
"Rt Hon David Davis MP","0","Haltemprice and Howden","-34.0025","30","https://assets3.parliament.uk/ext/mnis-bio-person/www.dodspeople.com/photos/25643.jpg.jpg"
"Derek Twigg MP","0","Halton","-47.6819","-6","https://assets3.parliament.uk/ext/mnis-bio-person/www.dodspeople.com/photos/25293.jpg.jpg"
"Andy Slaughter MP","0","Hammersmith","-270.891","-21","https://assets3.parliament.uk/ext/mnis-bio-person/www.dodspeople.com/photos/35897.jpg.jpg"
"Rt Hon Damian Hinds MP","0","East Hampshire","101.763","15","https://assets3.parliament.uk/ext/mnis-bio-person/www.dodspeople.com/photos/35480.jpg.jpg"
"Mr Ranil Jayawardena MP","0","North East Hampshire","25.5","34","https://assets3.parliament.uk/ext/mnis-bio-person/www.dodspeople.com/photos/92009.jpg.jpg"
"Kit Malthouse MP","0","North West Hampshire","64.0574","23","https://assets3.parliament.uk/ext/mnis-bio-person/www.dodspeople.com/photos/96015.jpg.jpg"
"Tulip Siddiq MP","1","Hampstead and Kilburn","199.204","-21","https://assets3.parliament.uk/ext/mnis-bio-person/www.dodspeople.com/photos/106201.jpg.jpg"
"Neil O'Brien MP","0","Harborough","76.1224","26","https://assets3.parliament.uk/ext/mnis-bio-person/www.dodspeople.com/photos/58531.jpg.jpg"
"Rt Hon Robert Halfon MP","0","Harlow","-110.953","24","https://assets3.parliament.uk/ext/mnis-bio-person/www.dodspeople.com/photos/31730.jpg.jpg"
"Andrew Jones MP","0","Harrogate and Knaresborough","-33.0414","22","https://assets3.parliament.uk/ext/mnis-bio-person/www.dodspeople.com/photos/41851.jpg.jpg"
"Bob Blackman MP","0","Harrow East","-59.9513","26","https://assets3.parliament.uk/ext/mnis-bio-person/www.dodspeople.com/photos/37675.jpg.jpg"
"Gareth Thomas MP","0","Harrow West","-15.3958","-23","https://assets3.parliament.uk/ext/mnis-bio-person/www.dodspeople.com/photos/25273.jpg.jpg"
"Mike Hill MP","0","Hartlepool","82.7612","-13","https://assets3.parliament.uk/ext/mnis-bio-person/www.dodspeople.com/photos/136671.jpg.jpg"
"Sir Bernard Jenkin MP","0","Harwich and North Essex","-46.1451","34","https://assets3.parliament.uk/ext/mnis-bio-person/www.dodspeople.com/photos/25515.jpg.jpg"
"Rt Hon Amber Rudd MP","1","Hastings and Rye","154.969","15","https://assets3.parliament.uk/ext/mnis-bio-person/www.dodspeople.com/photos/41303.jpg.jpg"
"Alan Mak MP","0","Havant","23.6583","27","https://assets3.parliament.uk/ext/mnis-bio-person/www.dodspeople.com/photos/136491.jpg.jpg"
"Rt Hon John McDonnell MP","0","Hayes and Harlington","-107.399","-19","https://assets3.parliament.uk/ext/mnis-bio-person/www.dodspeople.com/photos/25474.jpg.jpg"
"Mr William Wragg MP","0","Hazel Grove","-65.1244","30","https://assets3.parliament.uk/ext/mnis-bio-person/www.dodspeople.com/photos/106418.jpg.jpg"
"Rt Hon Sir Mike Penning MP","0","Hemel Hempstead","-141.915","29","https://assets3.parliament.uk/ext/mnis-bio-person/www.dodspeople.com/photos/31734.jpg.jpg"
"Jon Trickett MP","0","Hemsworth","16.9794","-18","https://assets3.parliament.uk/ext/mnis-bio-person/www.dodspeople.com/photos/25290.jpg.jpg"
"Dr Matthew Offord MP","0","Hendon","39.0633","32","https://assets3.parliament.uk/ext/mnis-bio-person/www.dodspeople.com/photos/42618.jpg.jpg"
"John Howell MP","0","Henley","-193.265","23","https://assets3.parliament.uk/ext/mnis-bio-person/www.dodspeople.com/photos/72787.jpg.jpg"
"Jesse Norman MP","0","Hereford and South Herefordshire","-34.792","26","https://assets3.parliament.uk/ext/mnis-bio-person/www.dodspeople.com/photos/51624.jpg.jpg"
"Bill Wiggin MP","0","North Herefordshire","-43.4849","25","https://assets3.parliament.uk/ext/mnis-bio-person/www.dodspeople.com/photos/25244.jpg.jpg"
"Mr Mark Prisk MP","0","Hertford and Stortford","48.8793","20","https://assets3.parliament.uk/ext/mnis-bio-person/www.dodspeople.com/photos/25334.jpg.jpg"
"Rt Hon Sir Oliver Heald QC MP","0","North East Hertfordshire","-207.548","17","https://assets3.parliament.uk/ext/mnis-bio-person/www.dodspeople.com/photos/25566.jpg.jpg"
"Rt Hon David Gauke MP","0","South West Hertfordshire","-170.996","15","https://assets3.parliament.uk/ext/mnis-bio-person/www.dodspeople.com/photos/31647.jpg.jpg"
"Oliver Dowden MP","0","Hertsmere","-138.529","23","https://assets3.parliament.uk/ext/mnis-bio-person/www.dodspeople.com/photos/92550.jpg.jpg"
"Guy Opperman MP","0","Hexham","-79.2367","22","https://assets3.parliament.uk/ext/mnis-bio-person/www.dodspeople.com/photos/41334.jpg.jpg"
"Liz McInnes MP","1","Heywood and Middleton","-33.3559","-18","https://assets3.parliament.uk/ext/mnis-bio-person/www.dodspeople.com/photos/114939.jpg.jpg"
"Ruth George MP","1","High Peak","33.1911","-20","https://assets3.parliament.uk/ext/mnis-bio-person/www.dodspeople.com/photos/148806.jpg.jpg"
"Bim Afolami MP","0","Hitchin and Harpenden","-97.502","16","https://assets3.parliament.uk/ext/mnis-bio-person/www.dodspeople.com/photos/133811.jpg.jpg"
"Rt Hon Keir Starmer MP","0","Holborn and St Pancras","215.191","-20","https://assets3.parliament.uk/ext/mnis-bio-person/www.dodspeople.com/photos/75589.jpg.jpg"
"Julia Lopez MP","1","Hornchurch and Upminster","124.795","34","https://assets3.parliament.uk/ext/mnis-bio-person/www.dodspeople.com/photos/132474.jpg.jpg"
"Catherine West MP","1","Hornsey and Wood Green","51.1911","-23","https://assets3.parliament.uk/ext/mnis-bio-person/www.dodspeople.com/photos/106391.jpg.jpg"
"Jeremy Quin MP","0","Horsham","-35.2031","21","https://assets3.parliament.uk/ext/mnis-bio-person/www.dodspeople.com/photos/138505.jpg.jpg"
"Bridget Phillipson MP","1","Houghton and Sunderland South","44.7806","-20","https://assets3.parliament.uk/ext/mnis-bio-person/www.dodspeople.com/photos/79095.jpg.jpg"
"Peter Kyle MP","0","Hove","-16.1291","-21","https://assets3.parliament.uk/ext/mnis-bio-person/www.dodspeople.com/photos/54213.jpg.jpg"
"Mr Barry Sheerman MP","0","Huddersfield","-117.258","-20","https://assets3.parliament.uk/ext/mnis-bio-person/www.dodspeople.com/photos/25297.jpg.jpg"
"Karl Turner MP","0","Kingston upon Hull East","-91.4151","-20","https://assets3.parliament.uk/ext/mnis-bio-person/www.dodspeople.com/photos/72313.jpg.jpg"
"Diana Johnson MP","1","Kingston upon Hull North","-5.67257","-19","https://assets3.parliament.uk/ext/mnis-bio-person/www.dodspeople.com/photos/35928.jpg.jpg"
"Emma Hardy MP","1","Kingston upon Hull West and Hessle","122.259","-20","https://assets3.parliament.uk/ext/mnis-bio-person/www.dodspeople.com/photos/148271.jpg.jpg"
"Mr Jonathan Djanogly MP","0","Huntingdon","80.8776","-5","https://assets3.parliament.uk/ext/mnis-bio-person/www.dodspeople.com/photos/25639.jpg.jpg"
"Graham P Jones MP","0","Hyndburn","-11.4125","-19","https://assets3.parliament.uk/ext/mnis-bio-person/www.dodspeople.com/photos/83620.jpg.jpg"
"Wes Streeting MP","0","Ilford North","46.9276","-20","https://assets3.parliament.uk/ext/mnis-bio-person/www.dodspeople.com/photos/108876.jpg.jpg"
"Mike Gapes MP","0","Ilford South","-264.494","-15","https://assets3.parliament.uk/ext/mnis-bio-person/www.dodspeople.com/photos/25650.jpg.jpg"
"Ronnie Cowan MP","0","Inverclyde","22.948","-19","https://assets3.parliament.uk/ext/mnis-bio-person/www.dodspeople.com/photos/138155.jpg.jpg"
"Drew Hendry MP","0","Inverness, Nairn, Badenoch and Strathspey","65.089","-19","https://assets3.parliament.uk/ext/mnis-bio-person/www.dodspeople.com/photos/77858.jpg.jpg"
"Sandy Martin MP","0","Ipswich","-117.594","-21","https://assets3.parliament.uk/ext/mnis-bio-person/www.dodspeople.com/photos/107121.jpg.jpg"
"Mr Bob Seely MP","0","Isle of Wight","86.208","26","https://assets3.parliament.uk/ext/mnis-bio-person/www.dodspeople.com/photos/35259.jpg.jpg"
"Rt Hon Jeremy Corbyn MP","0","Islington North","-273.324","-20","https://assets3.parliament.uk/ext/mnis-bio-person/www.dodspeople.com/photos/25692.jpg.jpg"
"Rt Hon Emily Thornberry MP","1","Islington South and Finsbury","-59.3754","-18","https://assets3.parliament.uk/ext/mnis-bio-person/www.dodspeople.com/photos/35925.jpg.jpg"
"Chris Evans MP","0","Islwyn","274.657","-18","https://assets3.parliament.uk/ext/mnis-bio-person/www.dodspeople.com/photos/84900.jpg.jpg"
"Mr Stephen Hepburn MP","0","Jarrow","-38.5483","26","https://assets3.parliament.uk/ext/mnis-bio-person/www.dodspeople.com/photos/25595.jpg.jpg"
"John Grogan MP","0","Keighley","-34.6312","-23","https://assets3.parliament.uk/ext/mnis-bio-person/www.dodspeople.com/photos/25549.jpg.jpg"
"Rt Hon Jeremy Wright QC MP","0","Kenilworth and Southam","78.4223","14","https://assets3.parliament.uk/ext/mnis-bio-person/www.dodspeople.com/photos/35436.jpg.jpg"
"Emma Dent Coad MP","1","Kensington","16.9466","-19","https://assets3.parliament.uk/ext/mnis-bio-person/www.dodspeople.com/photos/148258.jpg.jpg"
"Mr Philip Hollobone MP","0","Kettering","-132.812","37","https://assets3.parliament.uk/ext/mnis-bio-person/www.dodspeople.com/photos/31683.jpg.jpg"
"Alan Brown MP","0","Kilmarnock and Loudoun","66.8364","-19","https://assets3.parliament.uk/ext/mnis-bio-person/www.dodspeople.com/photos/122026.jpg.jpg"
"Rt Hon Sir Edward Davey MP","0","Kingston and Surbiton","20.4826","-20","https://assets3.parliament.uk/ext/mnis-bio-person/www.dodspeople.com/photos/25694.jpg.jpg"
"Chris Skidmore MP","0","Kingswood","299.372","25","https://assets3.parliament.uk/ext/mnis-bio-person/www.dodspeople.com/photos/62314.jpg.jpg"
"Lesley Laird MP","0","Kirkcaldy and Cowdenbeath","30.1434","-22","https://assets3.parliament.uk/ext/mnis-bio-person/www.dodspeople.com/photos/118123.jpg.jpg"
"Rt Hon George Howarth MP","0","Knowsley","-318.021","-18","https://assets3.parliament.uk/ext/mnis-bio-person/www.dodspeople.com/photos/25504.jpg.jpg"
"Rt Hon Sir Jeffrey M. Donaldson MP","0","Lagan Valley","-5.35813","30","https://assets3.parliament.uk/ext/mnis-bio-person/www.dodspeople.com/photos/25697.jpg.jpg"
"Angela Crawley MP","1","Lanark and Hamilton East","-82.9617","-19","https://assets3.parliament.uk/ext/mnis-bio-person/www.dodspeople.com/photos/122103.jpg.jpg"
"Rosie Cooper MP","1","West Lancashire","-96.9586","-2","https://assets3.parliament.uk/ext/mnis-bio-person/www.dodspeople.com/photos/38898.jpg.jpg"
"Cat Smith MP","1","Lancaster and Fleetwood","71.2349","-19","https://assets3.parliament.uk/ext/mnis-bio-person/www.dodspeople.com/photos/85177.jpg.jpg"
"Rt Hon Hilary Benn MP","0","Leeds Central","-213.634","-20","https://assets3.parliament.uk/ext/mnis-bio-person/www.dodspeople.com/photos/25735.jpg.jpg"
"Richard Burgon MP","0","Leeds East","90.2648","-20","https://assets3.parliament.uk/ext/mnis-bio-person/www.dodspeople.com/photos/109804.jpg.jpg"
"Fabian Hamilton MP","0","Leeds North East","-104.58","-20","https://assets3.parliament.uk/ext/mnis-bio-person/www.dodspeople.com/photos/25563.jpg.jpg"
"Alex Sobel MP","0","Leeds North West","209.578","-22","https://assets3.parliament.uk/ext/mnis-bio-person/www.dodspeople.com/photos/35855.jpg.jpg"
"Rachel Reeves MP","1","Leeds West","47.1244","-20","https://assets3.parliament.uk/ext/mnis-bio-person/www.dodspeople.com/photos/35872.jpg.jpg"
"Rt Hon Keith Vaz MP","0","Leicester East","-344.717","-22","https://assets3.parliament.uk/ext/mnis-bio-person/www.dodspeople.com/photos/25232.jpg.jpg"
"Jonathan Ashworth MP","0","Leicester South","12.0044","-20","https://assets3.parliament.uk/ext/mnis-bio-person/www.dodspeople.com/photos/27620.jpg.jpg"
"Liz Kendall MP","1","Leicester West","123.313","-21","https://assets3.parliament.uk/ext/mnis-bio-person/www.dodspeople.com/photos/36386.jpg.jpg"
"Andrew Bridgen MP","0","North West Leicestershire","-9.29619","34","https://assets3.parliament.uk/ext/mnis-bio-person/www.dodspeople.com/photos/62823.jpg.jpg"
"Alberto Costa MP","0","South Leicestershire","-19.9789","9","https://assets3.parliament.uk/ext/mnis-bio-person/www.dodspeople.com/photos/72255.jpg.jpg"
"Jo Platt MP","1","Leigh","246.39","-18","https://assets3.parliament.uk/ext/mnis-bio-person/www.dodspeople.com/photos/123515.jpg.jpg"
"Maria Caulfield MP","1","Lewes","157.084","29","https://assets3.parliament.uk/ext/mnis-bio-person/www.dodspeople.com/photos/84398.jpg.jpg"
"Vicky Foxcroft MP","1","Lewisham, Deptford","200.87","-23","https://assets3.parliament.uk/ext/mnis-bio-person/www.dodspeople.com/photos/106000.jpg.jpg"
"Janet Daby MP","1","Lewisham East","69.2991","-23","https://assets3.parliament.uk/ext/mnis-bio-person/www.dodspeople.com/photos/114626.jpg.jpg"
"Ellie Reeves MP","1","Lewisham West and Penge","-47.7954","-21","https://assets3.parliament.uk/ext/mnis-bio-person/www.dodspeople.com/photos/76850.jpg.jpg"
"John Cryer MP","0","Leyton and Wanstead","-102.831","-19","https://assets3.parliament.uk/ext/mnis-bio-person/www.dodspeople.com/photos/25579.jpg.jpg"
"Michael Fabricant MP","0","Lichfield","-146.205","30","https://assets3.parliament.uk/ext/mnis-bio-person/www.dodspeople.com/photos/25587.jpg.jpg"
"Karen Lee MP","1","Lincoln","-99.9494","-18","https://assets3.parliament.uk/ext/mnis-bio-person/www.dodspeople.com/photos/112980.jpg.jpg"
"Martyn Day MP","0","Linlithgow and East Falkirk","-82.4015","-19","https://assets3.parliament.uk/ext/mnis-bio-person/www.dodspeople.com/photos/121869.jpg.jpg"
"Dame Louise Ellman MP","1","Liverpool, Riverside","18.7658","-20","https://assets3.parliament.uk/ext/mnis-bio-person/www.dodspeople.com/photos/25701.jpg.jpg"
"Dan Carden MP","0","Liverpool, Walton","-39.0405","-20","https://assets3.parliament.uk/ext/mnis-bio-person/www.dodspeople.com/photos/148167.jpg.jpg"
"Luciana Berger MP","1","Liverpool, Wavertree","264.89","-13","https://assets3.parliament.uk/ext/mnis-bio-person/www.dodspeople.com/photos/83726.jpg.jpg"
"Stephen Twigg MP","0","Liverpool, West Derby","-23.3274","-22","https://assets3.parliament.uk/ext/mnis-bio-person/www.dodspeople.com/photos/25294.jpg.jpg"
"Hannah Bardell MP","1","Livingston","307.735","-19","https://assets3.parliament.uk/ext/mnis-bio-person/www.dodspeople.com/photos/137601.jpg.jpg"
"Nia Griffith MP","1","Llanelli","-10.5803","-20","https://assets3.parliament.uk/ext/mnis-bio-person/www.dodspeople.com/photos/37590.jpg.jpg"
"Mr Gregory Campbell MP","0","East Londonderry","-36.2103","30","https://assets3.parliament.uk/ext/mnis-bio-person/www.dodspeople.com/photos/25794.jpg.jpg"
"Rt Hon Nicky Morgan MP","1","Loughborough","11.4747","5","https://assets3.parliament.uk/ext/mnis-bio-person/www.dodspeople.com/photos/31696.jpg.jpg"
"Victoria Atkins MP","1","Louth and Horncastle","11.3994","23","https://assets3.parliament.uk/ext/mnis-bio-person/www.dodspeople.com/photos/133995.jpg.jpg"
"Rt Hon Philip Dunne MP","0","Ludlow","0.240789","20","https://assets3.parliament.uk/ext/mnis-bio-person/www.dodspeople.com/photos/35388.jpg.jpg"
"Kelvin Hopkins MP","0","Luton North","-89.6164","10","https://assets3.parliament.uk/ext/mnis-bio-person/www.dodspeople.com/photos/25583.jpg.jpg"
"Mr Gavin Shuker MP","0","Luton South","-22.9665","-13","https://assets3.parliament.uk/ext/mnis-bio-person/www.dodspeople.com/photos/83624.jpg.jpg"
"David Rutley MP","0","Macclesfield","-48.9426","17","https://assets3.parliament.uk/ext/mnis-bio-person/www.dodspeople.com/photos/83409.jpg.jpg"
"Rt Hon Theresa May MP","1","Maidenhead","-54.0995","14","https://assets3.parliament.uk/ext/mnis-bio-person/www.dodspeople.com/photos/25452.jpg.jpg"
"Mrs Helen Grant MP","1","Maidstone and The Weald","192.548","24","https://assets3.parliament.uk/ext/mnis-bio-person/www.dodspeople.com/photos/72264.jpg.jpg"
"Yvonne Fovargue MP","1","Makerfield","-190.515","-13","https://assets3.parliament.uk/ext/mnis-bio-person/www.dodspeople.com/photos/84359.jpg.jpg"
"Rt Hon John Whittingdale MP","0","Maldon","-196.485","32","https://assets3.parliament.uk/ext/mnis-bio-person/www.dodspeople.com/photos/25239.jpg.jpg"
"Lucy Powell MP","1","Manchester Central","72.9586","-20","https://assets3.parliament.uk/ext/mnis-bio-person/www.dodspeople.com/photos/60214.jpg.jpg"
"Afzal Khan MP","0","Manchester, Gorton","-208.608","-20","https://assets3.parliament.uk/ext/mnis-bio-person/www.dodspeople.com/photos/107134.jpg.jpg"
"Jeff Smith MP","0","Manchester, Withington","199.03","-14","https://assets3.parliament.uk/ext/mnis-bio-person/www.dodspeople.com/photos/106236.jpg.jpg"
"Ben Bradley MP","0","Mansfield","104.494","32","https://assets3.parliament.uk/ext/mnis-bio-person/www.dodspeople.com/photos/147915.jpg.jpg"
"George Hollingbery MP","0","Meon Valley","-50.9688","21","https://assets3.parliament.uk/ext/mnis-bio-person/www.dodspeople.com/photos/35515.jpg.jpg"
"Rt Hon Dame Caroline Spelman MP","1","Meriden","15.0846","1","https://assets3.parliament.uk/ext/mnis-bio-person/www.dodspeople.com/photos/25318.jpg.jpg"
"Gerald Jones MP","0","Merthyr Tydfil and Rhymney","-58.3822","-20","https://assets3.parliament.uk/ext/mnis-bio-person/www.dodspeople.com/photos/35103.jpg.jpg"
"Andy McDonald MP","0","Middlesbrough","-100.287","-21","https://assets3.parliament.uk/ext/mnis-bio-person/www.dodspeople.com/photos/101338.jpg.jpg"
"Mr Simon Clarke MP","0","Middlesbrough South and East Cleveland","117.262","32","https://assets3.parliament.uk/ext/mnis-bio-person/www.dodspeople.com/photos/136771.jpg.jpg"
"Danielle Rowley MP","1","Midlothian","53.5639","-22","https://assets3.parliament.uk/ext/mnis-bio-person/www.dodspeople.com/photos/149078.jpg.jpg"
"Rt Hon Mark Lancaster MP","0","Milton Keynes North","138.809","23","https://assets3.parliament.uk/ext/mnis-bio-person/www.dodspeople.com/photos/31593.jpg.jpg"
"Iain Stewart MP","0","Milton Keynes South","-111.387","18","https://assets3.parliament.uk/ext/mnis-bio-person/www.dodspeople.com/photos/31728.jpg.jpg"
"Siobhain McDonagh MP","1","Mitcham and Morden","-119.072","-16","https://assets3.parliament.uk/ext/mnis-bio-person/www.dodspeople.com/photos/25421.jpg.jpg"
"Sir Paul Beresford MP","0","Mole Valley","-145.655","25","https://assets3.parliament.uk/ext/mnis-bio-person/www.dodspeople.com/photos/25158.jpg.jpg"
"David T. C. Davies MP","0","Monmouth","105.763","27","https://assets3.parliament.uk/ext/mnis-bio-person/www.dodspeople.com/photos/33522.jpg.jpg"
"Glyn Davies MP","0","Montgomeryshire","-145.098","19","https://assets3.parliament.uk/ext/mnis-bio-person/www.dodspeople.com/photos/33513.jpg.jpg"
"Douglas Ross MP","0","Moray","141.91","25","https://assets3.parliament.uk/ext/mnis-bio-person/www.dodspeople.com/photos/64597.jpg.jpg"
"David Morris MP","0","Morecambe and Lunesdale","208.785","28","https://assets3.parliament.uk/ext/mnis-bio-person/www.dodspeople.com/photos/31581.jpg.jpg"
"Andrea Jenkyns MP","1","Morley and Outwood","272.357","34","https://assets3.parliament.uk/ext/mnis-bio-person/www.dodspeople.com/photos/106020.jpg.jpg"
"Marion Fellows MP","1","Motherwell and Wishaw","-58.729","-15","https://assets3.parliament.uk/ext/mnis-bio-person/www.dodspeople.com/photos/58114.jpg.jpg"
"Angus Brendan MacNeil MP","0","Na h-Eileanan an Iar","175.074","-17","https://assets3.parliament.uk/ext/mnis-bio-person/www.dodspeople.com/photos/38376.jpg.jpg"
"Christina Rees MP","1","Neath","4.67033","-20","https://assets3.parliament.uk/ext/mnis-bio-person/www.dodspeople.com/photos/91697.jpg.jpg"
"Rt Hon Dr Julian Lewis MP","0","New Forest East","-33.2893","34","https://assets3.parliament.uk/ext/mnis-bio-person/www.dodspeople.com/photos/25560.jpg.jpg"
"Rt Hon Sir Desmond Swayne MP","0","New Forest West","20.8919","30","https://assets3.parliament.uk/ext/mnis-bio-person/www.dodspeople.com/photos/25258.jpg.jpg"
"Robert Jenrick MP","0","Newark","85.7181","27","https://assets3.parliament.uk/ext/mnis-bio-person/www.dodspeople.com/photos/77370.jpg.jpg"
"Rt Hon Richard Benyon MP","0","Newbury","2.69036","9","https://assets3.parliament.uk/ext/mnis-bio-person/www.dodspeople.com/photos/35394.jpg.jpg"
"Paul Farrelly MP","0","Newcastle-under-Lyme","-21.5685","-23","https://assets3.parliament.uk/ext/mnis-bio-person/www.dodspeople.com/photos/25533.jpg.jpg"
"Chi Onwurah MP","1","Newcastle upon Tyne Central","40.485","-21","https://assets3.parliament.uk/ext/mnis-bio-person/www.dodspeople.com/photos/83135.jpg.jpg"
"Rt Hon Nicholas Brown MP","0","Newcastle upon Tyne East","-95.9459","-20","https://assets3.parliament.uk/ext/mnis-bio-person/www.dodspeople.com/photos/25744.jpg.jpg"
"Catherine McKinnell MP","1","Newcastle upon Tyne North","155.867","-21","https://assets3.parliament.uk/ext/mnis-bio-person/www.dodspeople.com/photos/83507.jpg.jpg"
"Jessica Morden MP","1","Newport East","152.878","-20","https://assets3.parliament.uk/ext/mnis-bio-person/www.dodspeople.com/photos/39384.jpg.jpg"
"Ruth Jones MP","0","Newport West","-63.7127","-1","https://assets3.parliament.uk/ext/mnis-bio-person/www.dodspeople.com/photos/109478.jpg.jpg"
Mickey Brady MP","0","Newry and Armagh","-66.7245","0","https://assets3.parliament.uk/ext/mnis-bio-person/www.dodspeople.com/photos/58941.jpg.jpg"
"Anne Marie Morris MP","1","Newton Abbot","64.1542","42","https://assets3.parliament.uk/ext/mnis-bio-person/www.dodspeople.com/photos/62737.jpg.jpg"
"George Freeman MP","0","Mid Norfolk","-112.515","-1","https://assets3.parliament.uk/ext/mnis-bio-person/www.dodspeople.com/photos/35463.jpg.jpg"
"Rt Hon Norman Lamb MP","0","North Norfolk","-114.804","-20","https://assets3.parliament.uk/ext/mnis-bio-person/www.dodspeople.com/photos/25458.jpg.jpg"
"Sir Henry Bellingham MP","0","North West Norfolk","-86.0404","25","https://assets3.parliament.uk/ext/mnis-bio-person/www.dodspeople.com/photos/25734.jpg.jpg"
"Mr Richard Bacon MP","0","South Norfolk","-113.969","33","https://assets3.parliament.uk/ext/mnis-bio-person/www.dodspeople.com/photos/25783.jpg.jpg"
"Rt Hon Elizabeth Truss MP","1","South West Norfolk","155.46","17","https://assets3.parliament.uk/ext/mnis-bio-person/www.dodspeople.com/photos/40370.jpg.jpg"
"Rt Hon Yvette Cooper MP","1","Normanton, Pontefract and Castleford","-104.191","-20","https://assets3.parliament.uk/ext/mnis-bio-person/www.dodspeople.com/photos/25691.jpg.jpg"
"Michael Ellis MP","0","Northampton North","17.0405","26","https://assets3.parliament.uk/ext/mnis-bio-person/www.dodspeople.com/photos/62852.jpg.jpg"
"Andrew Lewer MP","0","Northampton South","-35.8229","32","https://assets3.parliament.uk/ext/mnis-bio-person/www.dodspeople.com/photos/107202.jpg.jpg"
"Rt Hon Andrea Leadsom MP","1","South Northamptonshire","-60.558","16","https://assets3.parliament.uk/ext/mnis-bio-person/www.dodspeople.com/photos/40456.jpg.jpg"
"Chloe Smith MP","1","Norwich North","48.2253","27","https://assets3.parliament.uk/ext/mnis-bio-person/www.dodspeople.com/photos/72302.jpg.jpg"
"Clive Lewis MP","0","Norwich South","-37.4448","-19","https://assets3.parliament.uk/ext/mnis-bio-person/www.dodspeople.com/photos/106025.jpg.jpg"
"Mr Chris Leslie MP","0","Nottingham East","91.8756","-15","https://assets3.parliament.uk/ext/mnis-bio-person/www.dodspeople.com/photos/25414.jpg.jpg"
"Alex Norris MP","0","Nottingham North","-81.3898","-20","https://assets3.parliament.uk/ext/mnis-bio-person/www.dodspeople.com/photos/113121.jpg.jpg"
"Lilian Greenwood MP","1","Nottingham South","146.829","-19","https://assets3.parliament.uk/ext/mnis-bio-person/www.dodspeople.com/photos/72265.jpg.jpg"
"Mr Marcus Jones MP","0","Nuneaton","-2.12243","29","https://assets3.parliament.uk/ext/mnis-bio-person/www.dodspeople.com/photos/76806.jpg.jpg"
"Luke Graham MP","0","Ochil and South Perthshire","177.498","18","https://assets3.parliament.uk/ext/mnis-bio-person/www.dodspeople.com/photos/136818.jpg.jpg"
"Chris Elmore MP","0","Ogmore","33.518","-20","https://assets3.parliament.uk/ext/mnis-bio-person/www.dodspeople.com/photos/105950.jpg.jpg"
"Rt Hon James Brokenshire MP","0","Old Bexley and Sidcup","78.8756","15","https://assets3.parliament.uk/ext/mnis-bio-person/www.dodspeople.com/photos/35372.jpg.jpg"
"Debbie Abrahams MP","1","Oldham East and Saddleworth","18.7155","-20","https://assets3.parliament.uk/ext/mnis-bio-person/www.dodspeople.com/photos/80556.jpg.jpg"
"Jim McMahon MP","0","Oldham West and Royton","124.193","-15","https://assets3.parliament.uk/ext/mnis-bio-person/www.dodspeople.com/photos/115607.jpg.jpg"
"Rt Hon Alistair Carmichael MP","0","Orkney and Shetland","-105.515","-19","https://assets3.parliament.uk/ext/mnis-bio-person/www.dodspeople.com/photos/24991.jpg.jpg"
"Joseph Johnson MP","0","Orpington","221.177","18","https://assets3.parliament.uk/ext/mnis-bio-person/www.dodspeople.com/photos/83602.jpg.jpg"
"Anneliese Dodds MP","1","Oxford East","36.9426","-21","https://assets3.parliament.uk/ext/mnis-bio-person/www.dodspeople.com/photos/35860.jpg.jpg"
"Layla Moran MP","1","Oxford West and Abingdon","46.6312","-20","https://assets3.parliament.uk/ext/mnis-bio-person/www.dodspeople.com/photos/85122.jpg.jpg"
"Gavin Newlands MP","0","Paisley and Renfrewshire North","25.8709","-19","https://assets3.parliament.uk/ext/mnis-bio-person/www.dodspeople.com/photos/138156.jpg.jpg"
"Mhairi Black MP","1","Paisley and Renfrewshire South","-96.1496","-19","https://assets3.parliament.uk/ext/mnis-bio-person/www.dodspeople.com/photos/138157.jpg.jpg"
"Andrew Stephenson MP","0","Pendle","101.951","27","https://assets3.parliament.uk/ext/mnis-bio-person/www.dodspeople.com/photos/62783.jpg.jpg"
"Angela Smith MP","1","Penistone and Stocksbridge","-4.51508","-16","https://assets3.parliament.uk/ext/mnis-bio-person/www.dodspeople.com/photos/40274.jpg.jpg"
"Rory Stewart MP","0","Penrith and The Border","31.8285","19","https://assets3.parliament.uk/ext/mnis-bio-person/www.dodspeople.com/photos/83410.jpg.jpg"
"Pete Wishart MP","0","Perth and North Perthshire","95.1403","-17","https://assets3.parliament.uk/ext/mnis-bio-person/www.dodspeople.com/photos/25254.jpg.jpg"
"Fiona Onasanya MP","1","Peterborough","-174.037","-3","https://assets3.parliament.uk/ext/mnis-bio-person/www.dodspeople.com/photos/113832.jpg.jpg"
"Johnny Mercer MP","0","Plymouth, Moor View","219.792","34","https://assets3.parliament.uk/ext/mnis-bio-person/www.dodspeople.com/photos/107853.jpg.jpg"
"Luke Pollard MP","0","Plymouth, Sutton and Devonport","101.502","-21","https://assets3.parliament.uk/ext/mnis-bio-person/www.dodspeople.com/photos/64662.jpg.jpg"
"Owen Smith MP","0","Pontypridd","-86.0739","-18","https://assets3.parliament.uk/ext/mnis-bio-person/www.dodspeople.com/photos/54340.jpg.jpg"
"Sir Robert Syms MP","0","Poole","-52.4223","31","https://assets3.parliament.uk/ext/mnis-bio-person/www.dodspeople.com/photos/25262.jpg.jpg"
"Jim Fitzpatrick MP","0","Poplar and Limehouse","-60.1","-10","https://assets3.parliament.uk/ext/mnis-bio-person/www.dodspeople.com/photos/25612.jpg.jpg"
"Rt Hon Penny Mordaunt MP","1","Portsmouth North","437.154","17","https://assets3.parliament.uk/ext/mnis-bio-person/www.dodspeople.com/photos/35429.jpg.jpg"
"Stephen Morgan MP","0","Portsmouth South","225.331","-19","https://assets3.parliament.uk/ext/mnis-bio-person/www.dodspeople.com/photos/72523.jpg.jpg"
"Rt Hon Stephen Crabb MP","0","Preseli Pembrokeshire","53.0521","18","https://assets3.parliament.uk/ext/mnis-bio-person/www.dodspeople.com/photos/31575.jpg.jpg"
"Sir Mark Hendrick MP","0","Preston","-57.0724","-23","https://assets3.parliament.uk/ext/mnis-bio-person/www.dodspeople.com/photos/25602.jpg.jpg"
"Stuart Andrew MP","0","Pudsey","-4.74146","24","https://assets3.parliament.uk/ext/mnis-bio-person/www.dodspeople.com/photos/62806.jpg.jpg"
"Rt Hon Justine Greening MP","1","Putney","41.1496","-11","https://assets3.parliament.uk/ext/mnis-bio-person/www.dodspeople.com/photos/31669.jpg.jpg"
"Rt Hon Mark Francois MP","0","Rayleigh and Wickford","36.6551","34","https://assets3.parliament.uk/ext/mnis-bio-person/www.dodspeople.com/photos/25619.jpg.jpg"
"Matt Rodda MP","0","Reading East","57.1655","-22","https://assets3.parliament.uk/ext/mnis-bio-person/www.dodspeople.com/photos/72490.jpg.jpg"
"Alok Sharma MP","0","Reading West","-75.0612","23","https://assets3.parliament.uk/ext/mnis-bio-person/www.dodspeople.com/photos/62774.jpg.jpg"
"Anna Turley MP","1","Redcar","339.291","-19","https://assets3.parliament.uk/ext/mnis-bio-person/www.dodspeople.com/photos/45341.jpg.jpg"
"Rachel Maclean MP","1","Redditch","-51.222","25","https://assets3.parliament.uk/ext/mnis-bio-person/www.dodspeople.com/photos/106028.jpg.jpg"
"Crispin Blunt MP","0","Reigate","2.8622","32","https://assets3.parliament.uk/ext/mnis-bio-person/www.dodspeople.com/photos/25811.jpg.jpg"
"Paul Masterton MP","0","East Renfrewshire","36.8804","10","https://assets3.parliament.uk/ext/mnis-bio-person/www.dodspeople.com/photos/142867.jpg.jpg"
"Chris Bryant MP","0","Rhondda","22.2045","-19","https://assets3.parliament.uk/ext/mnis-bio-person/www.dodspeople.com/photos/25745.jpg.jpg"
"Mr Nigel Evans MP","0","Ribble Valley","-134.923","26","https://assets3.parliament.uk/ext/mnis-bio-person/www.dodspeople.com/photos/25719.jpg.jpg"
"Rishi Sunak MP","0","Richmond (Yorks)","-198.94","25","https://assets3.parliament.uk/ext/mnis-bio-person/www.dodspeople.com/photos/136507.jpg.jpg"
"Zac Goldsmith MP","0","Richmond Park","93.1693","31","https://assets3.parliament.uk/ext/mnis-bio-person/www.dodspeople.com/photos/62682.jpg.jpg"
"Tony Lloyd MP","0","Rochdale","-119.051","-19","https://assets3.parliament.uk/ext/mnis-bio-person/www.dodspeople.com/photos/25417.jpg.jpg"
"Kelly Tolhurst MP","1","Rochester and Strood","77.3309","29","https://assets3.parliament.uk/ext/mnis-bio-person/www.dodspeople.com/photos/128367.jpg.jpg"
"James Duddridge MP","0","Rochford and Southend East","55.2042","34","https://assets3.parliament.uk/ext/mnis-bio-person/www.dodspeople.com/photos/31686.jpg.jpg"
"Andrew Rosindell MP","0","Romford","114.177","32","https://assets3.parliament.uk/ext/mnis-bio-person/www.dodspeople.com/photos/25356.jpg.jpg"
"Rt Hon Caroline Nokes MP","1","Romsey and Southampton North","71.8709","15","https://assets3.parliament.uk/ext/mnis-bio-person/www.dodspeople.com/photos/31721.jpg.jpg"
"Rt Hon Ian Blackford MP","0","Ross, Skye and Lochaber","-247.449","-19","https://assets3.parliament.uk/ext/mnis-bio-person/www.dodspeople.com/photos/137070.jpg.jpg"
"Jake Berry MP","0","Rossendale and Darwen","-11.9304","27","https://assets3.parliament.uk/ext/mnis-bio-person/www.dodspeople.com/photos/62817.jpg.jpg"
"Rt Hon Sir Kevin Barron MP","0","Rother Valley","-192.07","7","https://assets3.parliament.uk/ext/mnis-bio-person/www.dodspeople.com/photos/25731.jpg.jpg"
"Sarah Champion MP","1","Rotherham","102.701","-13","https://assets3.parliament.uk/ext/mnis-bio-person/www.dodspeople.com/photos/101347.jpg.jpg"
"Mark Pawsey MP","0","Rugby","-60.482","10","https://assets3.parliament.uk/ext/mnis-bio-person/www.dodspeople.com/photos/35411.jpg.jpg"
"Rt Hon Nick Hurd MP","0","Ruislip, Northwood and Pinner","-31.7935","18","https://assets3.parliament.uk/ext/mnis-bio-person/www.dodspeople.com/photos/37707.jpg.jpg"
"Rt Hon Philip Hammond MP","0","Runnymede and Weybridge","-240.494","15","https://assets3.parliament.uk/ext/mnis-bio-person/www.dodspeople.com/photos/25564.jpg.jpg"
"Rt Hon Kenneth Clarke QC MP","0","Rushcliffe","-193.548","-20","https://assets3.parliament.uk/ext/mnis-bio-person/www.dodspeople.com/photos/25686.jpg.jpg"
"Ged Killen MP","0","Rutherglen and Hamilton West","167.668","-23","https://assets3.parliament.uk/ext/mnis-bio-person/www.dodspeople.com/photos/118190.jpg.jpg"
"Rt Hon Sir Alan Duncan MP","0","Rutland and Melton","-37.38","17","https://assets3.parliament.uk/ext/mnis-bio-person/www.dodspeople.com/photos/25590.jpg.jpg"
"Mrs Kemi Badenoch MP","1","Saffron Walden","-43.7955","22","https://assets3.parliament.uk/ext/mnis-bio-person/www.dodspeople.com/photos/140622.jpg.jpg"
"Mrs Anne Main MP","1","St Albans","51.6306","29","https://assets3.parliament.uk/ext/mnis-bio-person/www.dodspeople.com/photos/35461.jpg.jpg"
"Steve Double MP","0","St Austell and Newquay","9.48263","32","https://assets3.parliament.uk/ext/mnis-bio-person/www.dodspeople.com/photos/105948.jpg.jpg"
"Conor McGinn MP","0","St Helens North","76.7088","-21","https://assets3.parliament.uk/ext/mnis-bio-person/www.dodspeople.com/photos/53083.jpg.jpg"
"Ms Marie Rimmer MP","1","St Helens South and Whiston","1.45912","-21","https://assets3.parliament.uk/ext/mnis-bio-person/www.dodspeople.com/photos/110436.jpg.jpg"
"Derek Thomas MP","0","St Ives","-19.2253","22","https://assets3.parliament.uk/ext/mnis-bio-person/www.dodspeople.com/photos/64775.jpg.jpg"
"Rebecca Long Bailey MP","1","Salford and Eccles","283.969","-20","https://assets3.parliament.uk/ext/mnis-bio-person/www.dodspeople.com/photos/134243.jpg.jpg"
"John Glen MP","0","Salisbury","124.615","25","https://assets3.parliament.uk/ext/mnis-bio-person/www.dodspeople.com/photos/43043.jpg.jpg"
"Rt Hon Robert Goodwill MP","0","Scarborough and Whitby","-114.055","25","https://assets3.parliament.uk/ext/mnis-bio-person/www.dodspeople.com/photos/28181.jpg.jpg"
"Nic Dakin MP","0","Scunthorpe","-94.832","-14","https://assets3.parliament.uk/ext/mnis-bio-person/www.dodspeople.com/photos/83408.jpg.jpg"
"Phil Wilson MP","0","Sedgefield","69.8865","-21","https://assets3.parliament.uk/ext/mnis-bio-person/www.dodspeople.com/photos/61609.jpg.jpg"
"Bill Esterson MP","0","Sefton Central","-225.259","-21","https://assets3.parliament.uk/ext/mnis-bio-person/www.dodspeople.com/photos/83727.jpg.jpg"
"Nigel Adams MP","0","Selby and Ainsty","170.694","24","https://assets3.parliament.uk/ext/mnis-bio-person/www.dodspeople.com/photos/35435.jpg.jpg"
"Rt Hon Sir Michael Fallon MP","0","Sevenoaks","-275.42","20","https://assets3.parliament.uk/ext/mnis-bio-person/www.dodspeople.com/photos/25169.jpg.jpg"
"Gill Furniss MP","1","Sheffield, Brightside and Hillsborough","1.16546","-19","https://assets3.parliament.uk/ext/mnis-bio-person/www.dodspeople.com/photos/41765.jpg.jpg"
"Paul Blomfield MP","0","Sheffield Central","-135.593","-21","https://assets3.parliament.uk/ext/mnis-bio-person/www.dodspeople.com/photos/72247.jpg.jpg"
"Jared O'Mara MP","0","Sheffield, Hallam","-120.981","-10","https://assets3.parliament.uk/ext/mnis-bio-person/www.dodspeople.com/photos/148063.jpg.jpg"
"Louise Haigh MP","1","Sheffield, Heeley","196.11","-20","https://assets3.parliament.uk/ext/mnis-bio-person/www.dodspeople.com/photos/111042.jpg.jpg"
"Mr Clive Betts MP","0","Sheffield South East","-210.454","-20","https://assets3.parliament.uk/ext/mnis-bio-person/www.dodspeople.com/photos/25722.jpg.jpg"
"Mark Spencer MP","0","Sherwood","31.3921","27","https://assets3.parliament.uk/ext/mnis-bio-person/www.dodspeople.com/photos/72306.jpg.jpg"
"Philip Davies MP","0","Shipley","21.0466","32","https://assets3.parliament.uk/ext/mnis-bio-person/www.dodspeople.com/photos/35440.jpg.jpg"
"Daniel Kawczynski MP","0","Shrewsbury and Atcham","-79.2253","28","https://assets3.parliament.uk/ext/mnis-bio-person/www.dodspeople.com/photos/31584.jpg.jpg"
"Rt Hon Owen Paterson MP","0","North Shropshire","-59.518","34","https://assets3.parliament.uk/ext/mnis-bio-person/www.dodspeople.com/photos/25405.jpg.jpg"
"Gordon Henderson MP","0","Sittingbourne and Sheppey","-138.15","23","https://assets3.parliament.uk/ext/mnis-bio-person/www.dodspeople.com/photos/31697.jpg.jpg"
"Rt Hon Julian Smith MP","0","Skipton and Ripon","-64.1547","17","https://assets3.parliament.uk/ext/mnis-bio-person/www.dodspeople.com/photos/83149.jpg.jpg"
"Dr Caroline Johnson MP","1","Sleaford and North Hykeham","20.9617","23","https://assets3.parliament.uk/ext/mnis-bio-person/www.dodspeople.com/photos/77483.jpg.jpg"
"Mr Tanmanjeet Singh Dhesi MP","0","Slough","-37.1291","-20","https://assets3.parliament.uk/ext/mnis-bio-person/www.dodspeople.com/photos/106432.jpg.jpg"
"Julian Knight MP","0","Solihull","4.01012","23","https://assets3.parliament.uk/ext/mnis-bio-person/www.dodspeople.com/photos/106023.jpg.jpg"
"Rt Hon Dr Liam Fox MP","0","North Somerset","125.814","19","https://assets3.parliament.uk/ext/mnis-bio-person/www.dodspeople.com/photos/25617.jpg.jpg"
"Mr Jacob Rees-Mogg MP","0","North East Somerset","161.227","31","https://assets3.parliament.uk/ext/mnis-bio-person/www.dodspeople.com/photos/42117.jpg.jpg"
"David Warburton MP","0","Somerton and Frome","84.9812","24","https://assets3.parliament.uk/ext/mnis-bio-person/www.dodspeople.com/photos/106310.jpg.jpg"
"Sir John Hayes MP","0","South Holland and The Deepings","-142.98","24","https://assets3.parliament.uk/ext/mnis-bio-person/www.dodspeople.com/photos/25491.jpg.jpg"
"Seema Kennedy MP","1","South Ribble","114.392","23","https://assets3.parliament.uk/ext/mnis-bio-person/www.dodspeople.com/photos/84401.jpg.jpg"
"Mrs Emma Lewell-Buck MP","1","South Shields","100.951","-12","https://assets3.parliament.uk/ext/mnis-bio-person/www.dodspeople.com/photos/104265.jpg.jpg"
"Royston Smith MP","0","Southampton, Itchen","-87.9466","30","https://assets3.parliament.uk/ext/mnis-bio-person/www.dodspeople.com/photos/72305.jpg.jpg"
"Dr Alan Whitehead MP","0","Southampton, Test","-57.2042","-21","https://assets3.parliament.uk/ext/mnis-bio-person/www.dodspeople.com/photos/25238.jpg.jpg"
"Sir David Amess MP","0","Southend West","-48.6583","29","https://assets3.parliament.uk/ext/mnis-bio-person/www.dodspeople.com/photos/25775.jpg.jpg"
"Damien Moore MP","0","Southport","211.701","26","https://assets3.parliament.uk/ext/mnis-bio-person/www.dodspeople.com/photos/127282.jpg.jpg"
"Kwasi Kwarteng MP","0","Spelthorne","-167.91","28","https://assets3.parliament.uk/ext/mnis-bio-person/www.dodspeople.com/photos/35251.jpg.jpg"
"Jeremy Lefroy MP","0","Stafford","84.0299","5","https://assets3.parliament.uk/ext/mnis-bio-person/www.dodspeople.com/photos/37699.jpg.jpg"
"Rt Hon Karen Bradley MP","1","Staffordshire Moorlands","151.205","15","https://assets3.parliament.uk/ext/mnis-bio-person/www.dodspeople.com/photos/41311.jpg.jpg"
"Rt Hon Gavin Williamson MP","0","South Staffordshire","191.1","17","https://assets3.parliament.uk/ext/mnis-bio-person/www.dodspeople.com/photos/35247.jpg.jpg"
"Jonathan Reynolds MP","0","Stalybridge and Hyde","101.77","-20","https://assets3.parliament.uk/ext/mnis-bio-person/www.dodspeople.com/photos/84903.jpg.jpg"
"Stephen McPartland MP","0","Stevenage","-41.5871","30","https://assets3.parliament.uk/ext/mnis-bio-person/www.dodspeople.com/photos/62730.jpg.jpg"
"Stephen Kerr MP","0","Stirling","-47.9494","24","https://assets3.parliament.uk/ext/mnis-bio-person/www.dodspeople.com/photos/35464.jpg.jpg"
"Ann Coffey MP","1","Stockport","-0.480263","-16","https://assets3.parliament.uk/ext/mnis-bio-person/www.dodspeople.com/photos/25759.jpg.jpg"
"Alex Cunningham MP","0","Stockton North","61.1244","-20","https://assets3.parliament.uk/ext/mnis-bio-person/www.dodspeople.com/photos/72257.jpg.jpg"
"Dr Paul Williams MP","0","Stockton South","65.6312","-18","https://assets3.parliament.uk/ext/mnis-bio-person/www.dodspeople.com/photos/148146.jpg.jpg"
"Gareth Snell MP","0","Stoke-on-Trent Central","-107.593","-1","https://assets3.parliament.uk/ext/mnis-bio-person/www.dodspeople.com/photos/147215.jpg.jpg"
"Ruth Smeeth MP","1","Stoke-on-Trent North","163.395","-8","https://assets3.parliament.uk/ext/mnis-bio-person/www.dodspeople.com/photos/72301.jpg.jpg"
"Jack Brereton MP","0","Stoke-on-Trent South","179.482","27","https://assets3.parliament.uk/ext/mnis-bio-person/www.dodspeople.com/photos/131166.jpg.jpg"
"Sir William Cash MP","0","Stone","-207.591","36","https://assets3.parliament.uk/ext/mnis-bio-person/www.dodspeople.com/photos/25682.jpg.jpg"
"Margot James MP","1","Stourbridge","218.369","12","https://assets3.parliament.uk/ext/mnis-bio-person/www.dodspeople.com/photos/35371.jpg.jpg"
"Jim Shannon MP","0","Strangford","-205.485","29","https://assets3.parliament.uk/ext/mnis-bio-person/www.dodspeople.com/photos/33634.jpg.jpg"
"Nadhim Zahawi MP","0","Stratford-on-Avon","-16.8539","21","https://assets3.parliament.uk/ext/mnis-bio-person/www.dodspeople.com/photos/53078.jpg.jpg"
"Chuka Umunna MP","0","Streatham","-89.4032","-15","https://assets3.parliament.uk/ext/mnis-bio-person/www.dodspeople.com/photos/72314.jpg.jpg"
"Kate Green MP","1","Stretford and Urmston","159.344","-21","https://assets3.parliament.uk/ext/mnis-bio-person/www.dodspeople.com/photos/84849.jpg.jpg"
"Dr David Drew MP","0","Stroud","-225.037","-22","https://assets3.parliament.uk/ext/mnis-bio-person/www.dodspeople.com/photos/25168.jpg.jpg"
"Dr Dan Poulter MP","0","Central Suffolk and North Ipswich","-17.8345","22","https://assets3.parliament.uk/ext/mnis-bio-person/www.dodspeople.com/photos/83524.jpg.jpg"
"Dr Thrse Coffey MP","1","Suffolk Coastal","-95.8304","22","https://assets3.parliament.uk/ext/mnis-bio-person/www.dodspeople.com/photos/37744.jpg.jpg"
"James Cartlidge MP","0","South Suffolk","1.02674","22","https://assets3.parliament.uk/ext/mnis-bio-person/www.dodspeople.com/photos/35383.jpg.jpg"
"Rt Hon Matt Hancock MP","0","West Suffolk","96.4015","16","https://assets3.parliament.uk/ext/mnis-bio-person/www.dodspeople.com/photos/84378.jpg.jpg"
"Julie Elliott MP","1","Sunderland Central","-48.5348","-20","https://assets3.parliament.uk/ext/mnis-bio-person/www.dodspeople.com/photos/78855.jpg.jpg"
"Mr Sam Gyimah MP","0","East Surrey","-79.723","-6","https://assets3.parliament.uk/ext/mnis-bio-person/www.dodspeople.com/photos/53938.jpg.jpg"
"Rt Hon Michael Gove MP","0","Surrey Heath","-197.902","15","https://assets3.parliament.uk/ext/mnis-bio-person/www.dodspeople.com/photos/35482.jpg.jpg"
"Rt Hon Jeremy Hunt MP","0","South West Surrey","-19.9617","14","https://assets3.parliament.uk/ext/mnis-bio-person/www.dodspeople.com/photos/35446.jpg.jpg"
"Rt Hon Sir Nicholas Soames MP","0","Mid Sussex","-290.58","5","https://assets3.parliament.uk/ext/mnis-bio-person/www.dodspeople.com/photos/25208.jpg.jpg"
"Paul Scully MP","0","Sutton and Cheam","-299.608","25","https://assets3.parliament.uk/ext/mnis-bio-person/www.dodspeople.com/photos/106199.jpg.jpg"
"Rt Hon Andrew Mitchell MP","0","Sutton Coldfield","-119.967","15","https://assets3.parliament.uk/ext/mnis-bio-person/www.dodspeople.com/photos/25190.jpg.jpg"
"Carolyn Harris MP","1","Swansea East","-221.178","-18","https://assets3.parliament.uk/ext/mnis-bio-person/www.dodspeople.com/photos/136483.jpg.jpg"
"Geraint Davies MP","0","Swansea West","-188.224","-23","https://assets3.parliament.uk/ext/mnis-bio-person/www.dodspeople.com/photos/25772.jpg.jpg"
"Justin Tomlinson MP","0","North Swindon","-53.2893","22","https://assets3.parliament.uk/ext/mnis-bio-person/www.dodspeople.com/photos/35402.jpg.jpg"
"Robert Buckland MP","0","South Swindon","-94.7747","19","https://assets3.parliament.uk/ext/mnis-bio-person/www.dodspeople.com/photos/35445.jpg.jpg"
"Rt Hon Christopher Pincher MP","0","Tamworth","-46.2158","27","https://assets3.parliament.uk/ext/mnis-bio-person/www.dodspeople.com/photos/35491.jpg.jpg"
"Rt Hon Esther McVey MP","1","Tatton","310.037","33","https://assets3.parliament.uk/ext/mnis-bio-person/www.dodspeople.com/photos/35517.jpg.jpg"
"Rebecca Pow MP","1","Taunton Deane","157.809","21","https://assets3.parliament.uk/ext/mnis-bio-person/www.dodspeople.com/photos/106166.jpg.jpg"
"Lucy Allan MP","1","Telford","89.0548","23","https://assets3.parliament.uk/ext/mnis-bio-person/www.dodspeople.com/photos/105910.jpg.jpg"
"Mr Laurence Robertson MP","0","Tewkesbury","-103.857","34","https://assets3.parliament.uk/ext/mnis-bio-person/www.dodspeople.com/photos/25350.jpg.jpg"
"Rt Hon Sir Roger Gale MP","0","North Thanet","-220.462","24","https://assets3.parliament.uk/ext/mnis-bio-person/www.dodspeople.com/photos/25648.jpg.jpg"
"Craig Mackinlay MP","0","South Thanet","-12.9047","34","https://assets3.parliament.uk/ext/mnis-bio-person/www.dodspeople.com/photos/41654.jpg.jpg"
"Kevin Hollinrake MP","0","Thirsk and Malton","-155.608","21","https://assets3.parliament.uk/ext/mnis-bio-person/www.dodspeople.com/photos/62702.jpg.jpg"
"Luke Hall MP","0","Thornbury and Yate","149.701","27","https://assets3.parliament.uk/ext/mnis-bio-person/www.dodspeople.com/photos/109722.jpg.jpg"
"Jackie Doyle-Price MP","1","Thurrock","166.756","30","https://assets3.parliament.uk/ext/mnis-bio-person/www.dodspeople.com/photos/41326.jpg.jpg"
"Neil Parish MP","0","Tiverton and Honiton","-129.164","19","https://assets3.parliament.uk/ext/mnis-bio-person/www.dodspeople.com/photos/28723.jpg.jpg"
"Tom Tugendhat MP","0","Tonbridge and Malling","80.8639","22","https://assets3.parliament.uk/ext/mnis-bio-person/www.dodspeople.com/photos/108954.jpg.jpg"
"Dr Rosena Allin-Khan MP","1","Tooting","83.1496","-19","https://assets3.parliament.uk/ext/mnis-bio-person/www.dodspeople.com/photos/118489.jpg.jpg"
"Kevin Foster MP","0","Torbay","111.124","26","https://assets3.parliament.uk/ext/mnis-bio-person/www.dodspeople.com/photos/62855.jpg.jpg"
"Nick Thomas-Symonds MP","0","Torfaen","-11.911","-19","https://assets3.parliament.uk/ext/mnis-bio-person/www.dodspeople.com/photos/64627.jpg.jpg"
"Dr Sarah Wollaston MP","1","Totnes","-12.5925","-13","https://assets3.parliament.uk/ext/mnis-bio-person/www.dodspeople.com/photos/81217.jpg.jpg"
"Rt Hon David Lammy MP","0","Tottenham","-188.775","-21","https://assets3.parliament.uk/ext/mnis-bio-person/www.dodspeople.com/photos/25459.jpg.jpg"
"Sarah Newton MP","1","Truro and Falmouth","23.0312","10","https://assets3.parliament.uk/ext/mnis-bio-person/www.dodspeople.com/photos/62750.jpg.jpg"
"Rt Hon Greg Clark MP","0","Tunbridge Wells","-106.119","15","https://assets3.parliament.uk/ext/mnis-bio-person/www.dodspeople.com/photos/40488.jpg.jpg"
"Rt Hon Sir Vince Cable MP","0","Twickenham","-279.03","-18","https://assets3.parliament.uk/ext/mnis-bio-person/www.dodspeople.com/photos/25665.jpg.jpg"
"Sir Alan Campbell MP","0","Tynemouth","27.3238","-19","https://assets3.parliament.uk/ext/mnis-bio-person/www.dodspeople.com/photos/25786.jpg.jpg"
"Mary Glindon MP","1","North Tyneside","-33.4087","-17","https://assets3.parliament.uk/ext/mnis-bio-person/www.dodspeople.com/photos/84517.jpg.jpg"
"rfhlaith Begley MP","1","West Tyrone","243.905","0","https://assets3.parliament.uk/ext/mnis-bio-person/www.dodspeople.com/photos/151734.jpg.jpg"
"Francie Molloy MP","1","Mid Ulster","-173.775","0","https://assets3.parliament.uk/ext/mnis-bio-person/www.dodspeople.com/photos/33623.jpg.jpg"
"David Simpson MP","0","Upper Bann","-202.834","30","https://assets3.parliament.uk/ext/mnis-bio-person/www.dodspeople.com/photos/33635.jpg.jpg"
"Rt Hon Boris Johnson MP","0","Uxbridge and South Ruislip","139.565","31","https://assets3.parliament.uk/ext/mnis-bio-person/www.dodspeople.com/photos/25179.jpg.jpg"
"Chris Ruane MP","0","Vale of Clwyd","-254.413","-20","https://assets3.parliament.uk/ext/mnis-bio-person/www.dodspeople.com/photos/25363.jpg.jpg"
"Rt Hon Alun Cairns MP","0","Vale of Glamorgan","-116.352","15","https://assets3.parliament.uk/ext/mnis-bio-person/www.dodspeople.com/photos/33463.jpg.jpg"
"Kate Hoey MP","1","Vauxhall","-63.089","26","https://assets3.parliament.uk/ext/mnis-bio-person/www.dodspeople.com/photos/25608.jpg.jpg"
"Mary Creagh MP","1","Wakefield","106.644","-22","https://assets3.parliament.uk/ext/mnis-bio-person/www.dodspeople.com/photos/36019.jpg.jpg"
"Ms Angela Eagle MP","1","Wallasey","169.633","-21","https://assets3.parliament.uk/ext/mnis-bio-person/www.dodspeople.com/photos/25642.jpg.jpg"
"Eddie Hughes MP","0","Walsall North","-159.352","30","https://assets3.parliament.uk/ext/mnis-bio-person/www.dodspeople.com/photos/35245.jpg.jpg"
"Valerie Vaz MP","1","Walsall South","214.286","-20","https://assets3.parliament.uk/ext/mnis-bio-person/www.dodspeople.com/photos/84905.jpg.jpg"
"Stella Creasy MP","1","Walthamstow","218.86","-22","https://assets3.parliament.uk/ext/mnis-bio-person/www.dodspeople.com/photos/72256.jpg.jpg"
"Ian Lavery MP","0","Wansbeck","169.464","-20","https://assets3.parliament.uk/ext/mnis-bio-person/www.dodspeople.com/photos/84518.jpg.jpg"
"Rt Hon Edward Vaizey MP","0","Wantage","113.345","-12","https://assets3.parliament.uk/ext/mnis-bio-person/www.dodspeople.com/photos/35502.jpg.jpg"
"Rt Hon John Spellar MP","0","Warley","-133.536","-10","https://assets3.parliament.uk/ext/mnis-bio-person/www.dodspeople.com/photos/25322.jpg.jpg"
"Helen Jones MP","1","Warrington North","-26.9975","-12","https://assets3.parliament.uk/ext/mnis-bio-person/www.dodspeople.com/photos/25523.jpg.jpg"
"Faisal Rashid MP","0","Warrington South","-203.352","-22","https://assets3.parliament.uk/ext/mnis-bio-person/www.dodspeople.com/photos/115851.jpg.jpg"
"Matt Western MP","0","Warwick and Leamington","-101.324","-21","https://assets3.parliament.uk/ext/mnis-bio-person/www.dodspeople.com/photos/117292.jpg.jpg"
"Craig Tracey MP","0","North Warwickshire","-63.2864","33","https://assets3.parliament.uk/ext/mnis-bio-person/www.dodspeople.com/photos/134861.jpg.jpg"
"Mrs Sharon Hodgson MP","1","Washington and Sunderland West","95.2864","-19","https://assets3.parliament.uk/ext/mnis-bio-person/www.dodspeople.com/photos/35910.jpg.jpg"
"Richard Harrington MP","0","Watford","-191.305","3","https://assets3.parliament.uk/ext/mnis-bio-person/www.dodspeople.com/photos/78037.jpg.jpg"
"Peter Aldous MP","0","Waveney","-207.143","20","https://assets3.parliament.uk/ext/mnis-bio-person/www.dodspeople.com/photos/35512.jpg.jpg"
"Ms Nusrat Ghani MP","1","Wealden","174.13","28","https://assets3.parliament.uk/ext/mnis-bio-person/www.dodspeople.com/photos/84390.jpg.jpg"
"Mike Amesbury MP","0","Weaver Vale","-195.392","-20","https://assets3.parliament.uk/ext/mnis-bio-person/www.dodspeople.com/photos/115548.jpg.jpg"
"Mr Peter Bone MP","0","Wellingborough","-115.529","34","https://assets3.parliament.uk/ext/mnis-bio-person/www.dodspeople.com/photos/31691.jpg.jpg"
"James Heappey MP","0","Wells","131.86","25","https://assets3.parliament.uk/ext/mnis-bio-person/www.dodspeople.com/photos/106018.jpg.jpg"
"Rt Hon Grant Shapps MP","0","Welwyn Hatfield","95.2388","28","https://assets3.parliament.uk/ext/mnis-bio-person/www.dodspeople.com/photos/31715.jpg.jpg"
"Rt Hon John Healey MP","0","Wentworth and Dearne","60.9617","-20","https://assets3.parliament.uk/ext/mnis-bio-person/www.dodspeople.com/photos/25567.jpg.jpg"
"Tom Watson MP","0","West Bromwich East","37.3921","-19","https://assets3.parliament.uk/ext/mnis-bio-person/www.dodspeople.com/photos/25228.jpg.jpg"
"Mr Adrian Bailey MP","0","West Bromwich West","-327.696","-21","https://assets3.parliament.uk/ext/mnis-bio-person/www.dodspeople.com/photos/25800.jpg.jpg"
"Lyn Brown MP","1","West Ham","-44.6283","-20","https://assets3.parliament.uk/ext/mnis-bio-person/www.dodspeople.com/photos/39376.jpg.jpg"
"Ms Karen Buck MP","1","Westminster North","-93.8223","-21","https://assets3.parliament.uk/ext/mnis-bio-person/www.dodspeople.com/photos/25747.jpg.jpg"
"Tim Farron MP","0","Westmorland and Lonsdale","-87.406","-19","https://assets3.parliament.uk/ext/mnis-bio-person/www.dodspeople.com/photos/31716.jpg.jpg"
"John Penrose MP","0","Weston-super-Mare","20.5803","20","https://assets3.parliament.uk/ext/mnis-bio-person/www.dodspeople.com/photos/31711.jpg.jpg"
"Lisa Nandy MP","1","Wigan","240.18","-18","https://assets3.parliament.uk/ext/mnis-bio-person/www.dodspeople.com/photos/54056.jpg.jpg"
"James Gray MP","0","North Wiltshire","54.6862","31","https://assets3.parliament.uk/ext/mnis-bio-person/www.dodspeople.com/photos/25542.jpg.jpg"
"Dr Andrew Murrison MP","0","South West Wiltshire","35.3517","21","https://assets3.parliament.uk/ext/mnis-bio-person/www.dodspeople.com/photos/25384.jpg.jpg"
"Stephen Hammond MP","0","Wimbledon","-28.1291","11","https://assets3.parliament.uk/ext/mnis-bio-person/www.dodspeople.com/photos/31703.jpg.jpg"
"Steve Brine MP","0","Winchester","103.867","3","https://assets3.parliament.uk/ext/mnis-bio-person/www.dodspeople.com/photos/62824.jpg.jpg"
"Adam Afriyie MP","0","Windsor","-47.738","31","https://assets3.parliament.uk/ext/mnis-bio-person/www.dodspeople.com/photos/35516.jpg.jpg"
"Alison McGovern MP","1","Wirral South","219.403","-19","https://assets3.parliament.uk/ext/mnis-bio-person/www.dodspeople.com/photos/84353.jpg.jpg"
"Margaret Greenwood MP","1","Wirral West","35.0466","-19","https://assets3.parliament.uk/ext/mnis-bio-person/www.dodspeople.com/photos/106012.jpg.jpg"
"Rt Hon Priti Patel MP","1","Witham","329.729","34","https://assets3.parliament.uk/ext/mnis-bio-person/www.dodspeople.com/photos/37703.jpg.jpg"
"Robert Courts MP","0","Witney","84.3559","28","https://assets3.parliament.uk/ext/mnis-bio-person/www.dodspeople.com/photos/134363.jpg.jpg"
"Mr Jonathan Lord MP","0","Woking","130.969","32","https://assets3.parliament.uk/ext/mnis-bio-person/www.dodspeople.com/photos/83146.jpg.jpg"
"Rt Hon John Redwood MP","0","Wokingham","-17.1403","38","https://assets3.parliament.uk/ext/mnis-bio-person/www.dodspeople.com/photos/25340.jpg.jpg"
"Emma Reynolds MP","1","Wolverhampton North East","163.077","-18","https://assets3.parliament.uk/ext/mnis-bio-person/www.dodspeople.com/photos/52382.jpg.jpg"
"Rt Hon Pat McFadden MP","0","Wolverhampton South East","-1.49797","-17","https://assets3.parliament.uk/ext/mnis-bio-person/www.dodspeople.com/photos/18145.jpg.jpg"
"Eleanor Smith MP","1","Wolverhampton South West","-160.252","-20","https://assets3.parliament.uk/ext/mnis-bio-person/www.dodspeople.com/photos/147983.jpg.jpg"
"Mr Robin Walker MP","0","Worcester","148.291","22","https://assets3.parliament.uk/ext/mnis-bio-person/www.dodspeople.com/photos/62794.jpg.jpg"
"Nigel Huddleston MP","0","Mid Worcestershire","141.633","22","https://assets3.parliament.uk/ext/mnis-bio-person/www.dodspeople.com/photos/72276.jpg.jpg"
"Harriett Baldwin MP","1","West Worcestershire","15.8671","24","https://assets3.parliament.uk/ext/mnis-bio-person/www.dodspeople.com/photos/40489.jpg.jpg"
"Sue Hayman MP","1","Workington","294.517","-20","https://assets3.parliament.uk/ext/mnis-bio-person/www.dodspeople.com/photos/37598.jpg.jpg"
"Barbara Keeley MP","1","Worsley and Eccles South","146.766","-19","https://assets3.parliament.uk/ext/mnis-bio-person/www.dodspeople.com/photos/36036.jpg.jpg"
"Tim Loughton MP","0","East Worthing and Shoreham","34.9677","30","https://assets3.parliament.uk/ext/mnis-bio-person/www.dodspeople.com/photos/25471.jpg.jpg"
"Sir Peter Bottomley MP","0","Worthing West","-129.168","22","https://assets3.parliament.uk/ext/mnis-bio-person/www.dodspeople.com/photos/25739.jpg.jpg"
"Mark Pritchard MP","0","The Wrekin","223.412","34","https://assets3.parliament.uk/ext/mnis-bio-person/www.dodspeople.com/photos/31594.jpg.jpg"
"Ian C. Lucas MP","0","Wrexham","-214.03","-17","https://assets3.parliament.uk/ext/mnis-bio-person/www.dodspeople.com/photos/25496.jpg.jpg"
"Mr Steve Baker MP","0","Wycombe","182.49","34","https://assets3.parliament.uk/ext/mnis-bio-person/www.dodspeople.com/photos/83404.jpg.jpg"
"Rt Hon Ben Wallace MP","0","Wyre and Preston North","-42.792","24","https://assets3.parliament.uk/ext/mnis-bio-person/www.dodspeople.com/photos/35379.jpg.jpg"
"Mark Garnier MP","0","Wyre Forest","-56.8709","16","https://assets3.parliament.uk/ext/mnis-bio-person/www.dodspeople.com/photos/35520.jpg.jpg"
"Mike Kane MP","0","Wythenshawe and Sale East","97.18","-16","https://assets3.parliament.uk/ext/mnis-bio-person/www.dodspeople.com/photos/109778.jpg.jpg"
"Mr Marcus Fysh MP","0","Yeovil","115.905","35","https://assets3.parliament.uk/ext/mnis-bio-person/www.dodspeople.com/photos/106538.jpg.jpg"
"Albert Owen MP","0","Ynys Mn","-58.0404","-24","https://assets3.parliament.uk/ext/mnis-bio-person/www.dodspeople.com/photos/25395.jpg.jpg"
"Rachael Maskell MP","1","York Central","8.04871","-19","https://assets3.parliament.uk/ext/mnis-bio-person/www.dodspeople.com/photos/137703.jpg.jpg"
"Julian Sturdy MP","0","York Outer","-37.9047","26","https://assets3.parliament.uk/ext/mnis-bio-person/www.dodspeople.com/photos/35437.jpg.jpg"
"Rt Hon Sir Greg Knight MP","0","East Yorkshire","-242.878","31","https://assets3.parliament.uk/ext/mnis-bio-person/www.dodspeople.com/photos/25553.jpg.jpg"